trade_date,contract,dp,lead,F,realized,prem_pct,reg
2019-01-01,FTB M Feb-19,2019-02,31,63.13,54.02049107142857,16.86306204904058,1 pre-crisis (2019-01..2021-08)
2019-01-02,FTB M Feb-19,2019-02,30,63.13,54.02049107142857,16.86306204904058,1 pre-crisis (2019-01..2021-08)
2019-01-03,FTB M Feb-19,2019-02,29,63.2,54.02049107142857,16.992642507514088,1 pre-crisis (2019-01..2021-08)
2019-01-04,FTB M Feb-19,2019-02,28,63.25,54.02049107142857,17.085199977852316,1 pre-crisis (2019-01..2021-08)
2019-01-07,FTB M Feb-19,2019-02,25,63.45,54.02049107142857,17.455429859205207,1 pre-crisis (2019-01..2021-08)
2019-01-08,FTB M Feb-19,2019-02,24,62.4,54.02049107142857,15.511722982102526,1 pre-crisis (2019-01..2021-08)
2019-01-09,FTB M Feb-19,2019-02,23,63.25,54.02049107142857,17.085199977852316,1 pre-crisis (2019-01..2021-08)
2019-01-10,FTB M Feb-19,2019-02,22,62.4,54.02049107142857,15.511722982102526,1 pre-crisis (2019-01..2021-08)
2019-01-11,FTB M Feb-19,2019-02,21,61.9,54.02049107142857,14.586148278720291,1 pre-crisis (2019-01..2021-08)
2019-01-14,FTB M Feb-19,2019-02,18,61.7,54.02049107142857,14.2159183973674,1 pre-crisis (2019-01..2021-08)
2019-01-15,FTB M Feb-19,2019-02,17,60.25,54.02049107142857,11.531751757558917,1 pre-crisis (2019-01..2021-08)
2019-01-16,FTB M Feb-19,2019-02,16,60.35,54.02049107142857,11.716866698235373,1 pre-crisis (2019-01..2021-08)
2019-01-17,FTB M Feb-19,2019-02,15,60.8,54.02049107142857,12.549883931279382,1 pre-crisis (2019-01..2021-08)
2019-01-18,FTB M Feb-19,2019-02,14,62.0,54.02049107142857,14.771263219396747,1 pre-crisis (2019-01..2021-08)
2019-01-21,FTB M Feb-19,2019-02,11,61.3,54.02049107142857,13.475458634661596,1 pre-crisis (2019-01..2021-08)
2019-01-22,FTB M Feb-19,2019-02,10,60.65,54.02049107142857,12.272211520264698,1 pre-crisis (2019-01..2021-08)
2019-01-23,FTB M Feb-19,2019-02,9,61.5,54.02049107142857,13.845688516014508,1 pre-crisis (2019-01..2021-08)
2019-01-24,FTB M Feb-19,2019-02,8,62.08,54.02049107142857,14.919355171937898,1 pre-crisis (2019-01..2021-08)
2019-01-25,FTB M Feb-19,2019-02,7,60.8,54.02049107142857,12.549883931279382,1 pre-crisis (2019-01..2021-08)
2019-01-28,FTB M Feb-19,2019-02,4,60.25,54.02049107142857,11.531751757558917,1 pre-crisis (2019-01..2021-08)
2019-01-29,FTB M Feb-19,2019-02,3,59.25,54.02049107142857,9.680602350794466,1 pre-crisis (2019-01..2021-08)
2019-01-30,FTB M Feb-19,2019-02,2,59.7,54.02049107142857,10.513619583838473,1 pre-crisis (2019-01..2021-08)
2019-01-31,FTB M Feb-19,2019-02,1,59.65,54.02049107142857,10.421062113500245,1 pre-crisis (2019-01..2021-08)
2019-02-01,FTB M Mar-19,2019-03,28,52.75,48.83611559139785,8.014323746280017,1 pre-crisis (2019-01..2021-08)
2019-02-04,FTB M Mar-19,2019-03,25,52.1,48.83611559139785,6.683341557937217,1 pre-crisis (2019-01..2021-08)
2019-02-05,FTB M Mar-19,2019-03,24,52.0,48.83611559139785,6.478575067422954,1 pre-crisis (2019-01..2021-08)
2019-02-06,FTB M Mar-19,2019-03,23,52.35,48.83611559139785,7.195257784222919,1 pre-crisis (2019-01..2021-08)
2019-02-07,FTB M Mar-19,2019-03,22,52.5,48.83611559139785,7.502407519994314,1 pre-crisis (2019-01..2021-08)
2019-02-08,FTB M Mar-19,2019-03,21,52.5,48.83611559139785,7.502407519994314,1 pre-crisis (2019-01..2021-08)
2019-02-11,FTB M Mar-19,2019-03,18,51.5,48.83611559139785,5.454742614851571,1 pre-crisis (2019-01..2021-08)
2019-02-12,FTB M Mar-19,2019-03,17,50.6,48.83611559139785,3.611844200223091,1 pre-crisis (2019-01..2021-08)
2019-02-13,FTB M Mar-19,2019-03,16,51.25,48.83611559139785,4.942826388565891,1 pre-crisis (2019-01..2021-08)
2019-02-14,FTB M Mar-19,2019-03,15,51.43,48.83611559139785,5.311406071491587,1 pre-crisis (2019-01..2021-08)
2019-02-15,FTB M Mar-19,2019-03,14,51.55,48.83611559139785,5.557125860108703,1 pre-crisis (2019-01..2021-08)
2019-02-18,FTB M Mar-19,2019-03,11,51.6,48.83611559139785,5.659509105365856,1 pre-crisis (2019-01..2021-08)
2019-02-19,FTB M Mar-19,2019-03,10,51.9,48.83611559139785,6.273808576908668,1 pre-crisis (2019-01..2021-08)
2019-02-20,FTB M Mar-19,2019-03,9,51.15,48.83611559139785,4.738059898051605,1 pre-crisis (2019-01..2021-08)
2019-02-21,FTB M Mar-19,2019-03,8,51.1,48.83611559139785,4.635676652794474,1 pre-crisis (2019-01..2021-08)
2019-02-22,FTB M Mar-19,2019-03,7,49.7,48.83611559139785,1.7689457855946333,1 pre-crisis (2019-01..2021-08)
2019-02-25,FTB M Mar-19,2019-03,4,48.9,48.83611559139785,0.13081386148041663,1 pre-crisis (2019-01..2021-08)
2019-02-26,FTB M Mar-19,2019-03,3,47.6,48.83611559139785,-2.5311505152051494,1 pre-crisis (2019-01..2021-08)
2019-02-27,FTB M Mar-19,2019-03,2,47.35,48.83611559139785,-3.0430667414908297,1 pre-crisis (2019-01..2021-08)
2019-02-28,FTB M Mar-19,2019-03,1,48.2,48.83611559139785,-1.3025515721194925,1 pre-crisis (2019-01..2021-08)
2019-03-01,FTB M Apr-19,2019-04,31,49.16,50.40361111111111,-2.46730558326399,1 pre-crisis (2019-01..2021-08)
2019-03-04,FTB M Apr-19,2019-04,28,49.5,50.40361111111111,-1.7927507398610154,1 pre-crisis (2019-01..2021-08)
2019-03-05,FTB M Apr-19,2019-04,27,49.5,50.40361111111111,-1.7927507398610154,1 pre-crisis (2019-01..2021-08)
2019-03-06,FTB M Apr-19,2019-04,26,48.35,50.40361111111111,-4.074333298429888,1 pre-crisis (2019-01..2021-08)
2019-03-07,FTB M Apr-19,2019-04,25,48.5,50.40361111111111,-3.7767355733991703,1 pre-crisis (2019-01..2021-08)
2019-03-08,FTB M Apr-19,2019-04,24,47.83,50.40361111111111,-5.106005411869741,1 pre-crisis (2019-01..2021-08)
2019-03-11,FTB M Apr-19,2019-04,21,47.9,50.40361111111111,-4.967126473522077,1 pre-crisis (2019-01..2021-08)
2019-03-12,FTB M Apr-19,2019-04,20,48.83,50.40361111111111,-3.1220205783315857,1 pre-crisis (2019-01..2021-08)
2019-03-13,FTB M Apr-19,2019-04,19,49.6,50.40361111111111,-1.5943522565071921,1 pre-crisis (2019-01..2021-08)
2019-03-14,FTB M Apr-19,2019-04,18,49.5,50.40361111111111,-1.7927507398610154,1 pre-crisis (2019-01..2021-08)
2019-03-15,FTB M Apr-19,2019-04,17,49.5,50.40361111111111,-1.7927507398610154,1 pre-crisis (2019-01..2021-08)
2019-03-18,FTB M Apr-19,2019-04,14,49.15,50.40361111111111,-2.487145431599369,1 pre-crisis (2019-01..2021-08)
2019-03-19,FTB M Apr-19,2019-04,13,48.8,50.40361111111111,-3.181540123337734,1 pre-crisis (2019-01..2021-08)
2019-03-20,FTB M Apr-19,2019-04,12,47.75,50.40361111111111,-5.264724198552795,1 pre-crisis (2019-01..2021-08)
2019-03-21,FTB M Apr-19,2019-04,11,47.48,50.40361111111111,-5.800400103608105,1 pre-crisis (2019-01..2021-08)
2019-03-22,FTB M Apr-19,2019-04,10,47.1,50.40361111111111,-6.554314340352596,1 pre-crisis (2019-01..2021-08)
2019-03-25,FTB M Apr-19,2019-04,7,46.95,50.40361111111111,-6.851912065383314,1 pre-crisis (2019-01..2021-08)
2019-03-26,FTB M Apr-19,2019-04,6,46.75,50.40361111111111,-7.24870903209095,1 pre-crisis (2019-01..2021-08)
2019-03-27,FTB M Apr-19,2019-04,5,46.38,50.40361111111111,-7.9827834205000725,1 pre-crisis (2019-01..2021-08)
2019-03-28,FTB M Apr-19,2019-04,4,46.75,50.40361111111111,-7.24870903209095,1 pre-crisis (2019-01..2021-08)
2019-03-29,FTB M Apr-19,2019-04,3,48.0,50.40361111111111,-4.768727990168253,1 pre-crisis (2019-01..2021-08)
2019-04-01,FTB M May-19,2019-05,30,49.75,48.393991935483875,2.802017379190125,1 pre-crisis (2019-01..2021-08)
2019-04-02,FTB M May-19,2019-05,29,50.29,48.393991935483875,3.9178583718486593,1 pre-crisis (2019-01..2021-08)
2019-04-03,FTB M May-19,2019-05,28,50.5,48.393991935483875,4.351796535660335,1 pre-crisis (2019-01..2021-08)
2019-04-04,FTB M May-19,2019-05,27,49.85,48.393991935483875,3.008654600052818,1 pre-crisis (2019-01..2021-08)
2019-04-05,FTB M May-19,2019-05,26,50.25,48.393991935483875,3.835203483503591,1 pre-crisis (2019-01..2021-08)
2019-04-08,FTB M May-19,2019-05,23,51.4,48.393991935483875,6.211531523424574,1 pre-crisis (2019-01..2021-08)
2019-04-09,FTB M May-19,2019-05,22,52.75,48.393991935483875,9.001134005070943,1 pre-crisis (2019-01..2021-08)
2019-04-10,FTB M May-19,2019-05,21,54.5,48.393991935483875,12.617285370168085,1 pre-crisis (2019-01..2021-08)
2019-04-11,FTB M May-19,2019-05,20,54.75,48.393991935483875,13.133878422324807,1 pre-crisis (2019-01..2021-08)
2019-04-12,FTB M May-19,2019-05,19,54.0,48.393991935483875,11.584099265854597,1 pre-crisis (2019-01..2021-08)
2019-04-15,FTB M May-19,2019-05,16,54.5,48.393991935483875,12.617285370168085,1 pre-crisis (2019-01..2021-08)
2019-04-16,FTB M May-19,2019-05,15,53.4,48.393991935483875,10.344275940678438,1 pre-crisis (2019-01..2021-08)
2019-04-17,FTB M May-19,2019-05,14,53.2,48.393991935483875,9.931001498953052,1 pre-crisis (2019-01..2021-08)
2019-04-18,FTB M May-19,2019-05,13,53.5,48.393991935483875,10.550913161541132,1 pre-crisis (2019-01..2021-08)
2019-04-19,FTB M May-19,2019-05,12,52.75,48.393991935483875,9.001134005070943,1 pre-crisis (2019-01..2021-08)
2019-04-22,FTB M May-19,2019-05,9,52.75,48.393991935483875,9.001134005070943,1 pre-crisis (2019-01..2021-08)
2019-04-23,FTB M May-19,2019-05,8,52.75,48.393991935483875,9.001134005070943,1 pre-crisis (2019-01..2021-08)
2019-04-24,FTB M May-19,2019-05,7,52.0,48.393991935483875,7.451354848600733,1 pre-crisis (2019-01..2021-08)
2019-04-25,FTB M May-19,2019-05,6,52.1,48.393991935483875,7.657992069463426,1 pre-crisis (2019-01..2021-08)
2019-04-26,FTB M May-19,2019-05,5,52.1,48.393991935483875,7.657992069463426,1 pre-crisis (2019-01..2021-08)
2019-04-29,FTB M May-19,2019-05,2,52.3,48.393991935483875,8.071266511188814,1 pre-crisis (2019-01..2021-08)
2019-04-30,FTB M May-19,2019-05,1,52.08,48.393991935483875,7.616664625290892,1 pre-crisis (2019-01..2021-08)
2019-05-01,FTB M Jun-19,2019-06,31,53.8,47.16123611111111,14.076738517302779,1 pre-crisis (2019-01..2021-08)
2019-05-02,FTB M Jun-19,2019-06,30,53.8,47.16123611111111,14.076738517302779,1 pre-crisis (2019-01..2021-08)
2019-05-03,FTB M Jun-19,2019-06,29,52.4,47.16123611111111,11.108198853283756,1 pre-crisis (2019-01..2021-08)
2019-05-06,FTB M Jun-19,2019-06,26,52.05,47.16123611111111,10.366063937278991,1 pre-crisis (2019-01..2021-08)
2019-05-07,FTB M Jun-19,2019-06,25,51.62,47.16123611111111,9.454298183330302,1 pre-crisis (2019-01..2021-08)
2019-05-08,FTB M Jun-19,2019-06,24,52.4,47.16123611111111,11.108198853283756,1 pre-crisis (2019-01..2021-08)
2019-05-09,FTB M Jun-19,2019-06,23,52.5,47.16123611111111,11.320237400713683,1 pre-crisis (2019-01..2021-08)
2019-05-10,FTB M Jun-19,2019-06,22,52.6,47.16123611111111,11.532275948143633,1 pre-crisis (2019-01..2021-08)
2019-05-13,FTB M Jun-19,2019-06,19,52.5,47.16123611111111,11.320237400713683,1 pre-crisis (2019-01..2021-08)
2019-05-14,FTB M Jun-19,2019-06,18,51.3,47.16123611111111,8.775774831554518,1 pre-crisis (2019-01..2021-08)
2019-05-15,FTB M Jun-19,2019-06,17,51.15,47.16123611111111,8.457717010409628,1 pre-crisis (2019-01..2021-08)
2019-05-16,FTB M Jun-19,2019-06,16,51.38,47.16123611111111,8.945405669498463,1 pre-crisis (2019-01..2021-08)
2019-05-17,FTB M Jun-19,2019-06,15,51.25,47.16123611111111,8.669755557839554,1 pre-crisis (2019-01..2021-08)
2019-05-20,FTB M Jun-19,2019-06,12,50.25,47.16123611111111,6.54937008354024,1 pre-crisis (2019-01..2021-08)
2019-05-21,FTB M Jun-19,2019-06,11,49.75,47.16123611111111,5.4891773463905835,1 pre-crisis (2019-01..2021-08)
2019-05-22,FTB M Jun-19,2019-06,10,49.75,47.16123611111111,5.4891773463905835,1 pre-crisis (2019-01..2021-08)
2019-05-23,FTB M Jun-19,2019-06,9,49.65,47.16123611111111,5.277138798960657,1 pre-crisis (2019-01..2021-08)
2019-05-24,FTB M Jun-19,2019-06,8,49.05,47.16123611111111,4.004907514381073,1 pre-crisis (2019-01..2021-08)
2019-05-27,FTB M Jun-19,2019-06,5,48.55,47.16123611111111,2.9447147772314164,1 pre-crisis (2019-01..2021-08)
2019-05-28,FTB M Jun-19,2019-06,4,48.65,47.16123611111111,3.1567533246613433,1 pre-crisis (2019-01..2021-08)
2019-05-29,FTB M Jun-19,2019-06,3,48.75,47.16123611111111,3.3687918720912924,1 pre-crisis (2019-01..2021-08)
2019-05-30,FTB M Jun-19,2019-06,2,49.03,47.16123611111111,3.962499804895092,1 pre-crisis (2019-01..2021-08)
2019-05-31,FTB M Jun-19,2019-06,1,49.3,47.16123611111111,4.53500388295589,1 pre-crisis (2019-01..2021-08)
2019-06-03,FTB M Jul-19,2019-07,28,51.9,51.46430107526882,0.8466041812050351,1 pre-crisis (2019-01..2021-08)
2019-06-04,FTB M Jul-19,2019-07,27,50.2,51.46430107526882,-2.4566564567149562,1 pre-crisis (2019-01..2021-08)
2019-06-05,FTB M Jul-19,2019-07,26,50.5,51.46430107526882,-1.8737281088467284,1 pre-crisis (2019-01..2021-08)
2019-06-06,FTB M Jul-19,2019-07,25,50.4,51.46430107526882,-2.0680375581361488,1 pre-crisis (2019-01..2021-08)
2019-06-07,FTB M Jul-19,2019-07,24,49.48,51.46430107526882,-3.855684491598743,1 pre-crisis (2019-01..2021-08)
2019-06-10,FTB M Jul-19,2019-07,21,49.8,51.46430107526882,-3.2338942538726267,1 pre-crisis (2019-01..2021-08)
2019-06-11,FTB M Jul-19,2019-07,20,49.9,51.46430107526882,-3.0395848045832063,1 pre-crisis (2019-01..2021-08)
2019-06-12,FTB M Jul-19,2019-07,19,49.93,51.46430107526882,-2.9812919697963847,1 pre-crisis (2019-01..2021-08)
2019-06-13,FTB M Jul-19,2019-07,18,49.9,51.46430107526882,-3.0395848045832063,1 pre-crisis (2019-01..2021-08)
2019-06-14,FTB M Jul-19,2019-07,17,49.98,51.46430107526882,-2.8841372451516745,1 pre-crisis (2019-01..2021-08)
2019-06-17,FTB M Jul-19,2019-07,14,49.65,51.46430107526882,-3.525358427806735,1 pre-crisis (2019-01..2021-08)
2019-06-18,FTB M Jul-19,2019-07,13,49.1,51.46430107526882,-4.5940603988985025,1 pre-crisis (2019-01..2021-08)
2019-06-19,FTB M Jul-19,2019-07,12,48.97,51.46430107526882,-4.8466626829747455,1 pre-crisis (2019-01..2021-08)
2019-06-20,FTB M Jul-19,2019-07,11,48.9,51.46430107526882,-4.982679297477333,1 pre-crisis (2019-01..2021-08)
2019-06-21,FTB M Jul-19,2019-07,10,48.35,51.46430107526882,-6.05138126856909,1 pre-crisis (2019-01..2021-08)
2019-06-24,FTB M Jul-19,2019-07,7,48.7,51.46430107526882,-5.371298196056151,1 pre-crisis (2019-01..2021-08)
2019-06-25,FTB M Jul-19,2019-07,6,49.4,51.46430107526882,-4.011132051030264,1 pre-crisis (2019-01..2021-08)
2019-06-26,FTB M Jul-19,2019-07,5,49.3,51.46430107526882,-4.205441500319685,1 pre-crisis (2019-01..2021-08)
2019-06-27,FTB M Jul-19,2019-07,4,49.85,51.46430107526882,-3.1367395292279054,1 pre-crisis (2019-01..2021-08)
2019-06-28,FTB M Jul-19,2019-07,3,49.4,51.46430107526882,-4.011132051030264,1 pre-crisis (2019-01..2021-08)
2019-07-01,FTB M Aug-19,2019-08,31,49.05,44.951814516129026,9.116841061889748,1 pre-crisis (2019-01..2021-08)
2019-07-02,FTB M Aug-19,2019-08,30,48.8,44.951814516129026,8.560689986141078,1 pre-crisis (2019-01..2021-08)
2019-07-03,FTB M Aug-19,2019-08,29,48.8,44.951814516129026,8.560689986141078,1 pre-crisis (2019-01..2021-08)
2019-07-04,FTB M Aug-19,2019-08,28,49.8,44.951814516129026,10.785294289135772,1 pre-crisis (2019-01..2021-08)
2019-07-05,FTB M Aug-19,2019-08,27,51.25,44.951814516129026,14.010970528478083,1 pre-crisis (2019-01..2021-08)
2019-07-08,FTB M Aug-19,2019-08,24,51.0,44.951814516129026,13.454819452729417,1 pre-crisis (2019-01..2021-08)
2019-07-09,FTB M Aug-19,2019-08,23,51.0,44.951814516129026,13.454819452729417,1 pre-crisis (2019-01..2021-08)
2019-07-10,FTB M Aug-19,2019-08,22,50.5,44.951814516129026,12.342517301232059,1 pre-crisis (2019-01..2021-08)
2019-07-11,FTB M Aug-19,2019-08,21,51.0,44.951814516129026,13.454819452729417,1 pre-crisis (2019-01..2021-08)
2019-07-12,FTB M Aug-19,2019-08,20,52.0,44.951814516129026,15.679423755724109,1 pre-crisis (2019-01..2021-08)
2019-07-15,FTB M Aug-19,2019-08,17,52.2,44.951814516129026,16.12434461632306,1 pre-crisis (2019-01..2021-08)
2019-07-16,FTB M Aug-19,2019-08,16,52.93,44.951814516129026,17.748305757509186,1 pre-crisis (2019-01..2021-08)
2019-07-17,FTB M Aug-19,2019-08,15,52.25,44.951814516129026,16.235574831472775,1 pre-crisis (2019-01..2021-08)
2019-07-18,FTB M Aug-19,2019-08,14,52.15,44.951814516129026,16.0131144011733,1 pre-crisis (2019-01..2021-08)
2019-07-19,FTB M Aug-19,2019-08,13,51.7,44.951814516129026,15.012042464825704,1 pre-crisis (2019-01..2021-08)
2019-07-22,FTB M Aug-19,2019-08,10,51.85,44.951814516129026,15.345733110274917,1 pre-crisis (2019-01..2021-08)
2019-07-23,FTB M Aug-19,2019-08,9,51.75,44.951814516129026,15.123272679975441,1 pre-crisis (2019-01..2021-08)
2019-07-24,FTB M Aug-19,2019-08,8,51.75,44.951814516129026,15.123272679975441,1 pre-crisis (2019-01..2021-08)
2019-07-25,FTB M Aug-19,2019-08,7,51.0,44.951814516129026,13.454819452729417,1 pre-crisis (2019-01..2021-08)
2019-07-26,FTB M Aug-19,2019-08,6,50.4,44.951814516129026,12.120056870932604,1 pre-crisis (2019-01..2021-08)
2019-07-29,FTB M Aug-19,2019-08,3,49.23,44.951814516129026,9.517269836428799,1 pre-crisis (2019-01..2021-08)
2019-07-30,FTB M Aug-19,2019-08,2,48.2,44.951814516129026,7.225927404344268,1 pre-crisis (2019-01..2021-08)
2019-07-31,FTB M Aug-19,2019-08,1,47.85,44.951814516129026,6.447315898296124,1 pre-crisis (2019-01..2021-08)
2019-08-01,FTB M Sep-19,2019-09,31,50.1,42.13011111111111,18.917322263569723,1 pre-crisis (2019-01..2021-08)
2019-08-02,FTB M Sep-19,2019-09,30,51.0,42.13011111111111,21.053561585669776,1 pre-crisis (2019-01..2021-08)
2019-08-05,FTB M Sep-19,2019-09,27,51.6,42.13011111111111,22.477721133736495,1 pre-crisis (2019-01..2021-08)
2019-08-06,FTB M Sep-19,2019-09,26,50.6,42.13011111111111,20.104121886958648,1 pre-crisis (2019-01..2021-08)
2019-08-07,FTB M Sep-19,2019-09,25,49.8,42.13011111111111,18.205242489536367,1 pre-crisis (2019-01..2021-08)
2019-08-08,FTB M Sep-19,2019-09,24,49.45,42.13011111111111,17.374482753164134,1 pre-crisis (2019-01..2021-08)
2019-08-09,FTB M Sep-19,2019-09,23,49.3,42.13011111111111,17.018442866147442,1 pre-crisis (2019-01..2021-08)
2019-08-12,FTB M Sep-19,2019-09,20,49.05,42.13011111111111,16.425043054453003,1 pre-crisis (2019-01..2021-08)
2019-08-13,FTB M Sep-19,2019-09,19,48.5,42.13011111111111,15.119563468725183,1 pre-crisis (2019-01..2021-08)
2019-08-14,FTB M Sep-19,2019-09,18,48.0,42.13011111111111,13.932763845336261,1 pre-crisis (2019-01..2021-08)
2019-08-15,FTB M Sep-19,2019-09,17,47.15,42.13011111111111,11.915204485575103,1 pre-crisis (2019-01..2021-08)
2019-08-16,FTB M Sep-19,2019-09,16,46.9,42.13011111111111,11.321804673880642,1 pre-crisis (2019-01..2021-08)
2019-08-19,FTB M Sep-19,2019-09,13,46.6,42.13011111111111,10.609724899847306,1 pre-crisis (2019-01..2021-08)
2019-08-20,FTB M Sep-19,2019-09,12,46.75,42.13011111111111,10.965764786863975,1 pre-crisis (2019-01..2021-08)
2019-08-21,FTB M Sep-19,2019-09,11,47.0,42.13011111111111,11.559164598558436,1 pre-crisis (2019-01..2021-08)
2019-08-22,FTB M Sep-19,2019-09,10,46.2,42.13011111111111,9.660285201136176,1 pre-crisis (2019-01..2021-08)
2019-08-23,FTB M Sep-19,2019-09,9,45.5,42.13011111111111,7.998765728391666,1 pre-crisis (2019-01..2021-08)
2019-08-26,FTB M Sep-19,2019-09,6,45.1,42.13011111111111,7.049326029680536,1 pre-crisis (2019-01..2021-08)
2019-08-27,FTB M Sep-19,2019-09,5,45.7,42.13011111111111,8.473485577747253,1 pre-crisis (2019-01..2021-08)
2019-08-28,FTB M Sep-19,2019-09,4,45.45,42.13011111111111,7.880085766052791,1 pre-crisis (2019-01..2021-08)
2019-08-29,FTB M Sep-19,2019-09,3,45.45,42.13011111111111,7.880085766052791,1 pre-crisis (2019-01..2021-08)
2019-08-30,FTB M Sep-19,2019-09,2,45.0,42.13011111111111,6.8119661050027425,1 pre-crisis (2019-01..2021-08)
2019-09-02,FTB M Oct-19,2019-10,29,48.5,47.1523252688172,2.8581299511734715,1 pre-crisis (2019-01..2021-08)
2019-09-03,FTB M Oct-19,2019-10,28,47.1,47.1523252688172,-0.11097070721092228,1 pre-crisis (2019-01..2021-08)
2019-09-04,FTB M Oct-19,2019-10,27,46.75,47.1523252688172,-0.8532458718070179,1 pre-crisis (2019-01..2021-08)
2019-09-05,FTB M Oct-19,2019-10,26,47.1,47.1523252688172,-0.11097070721092228,1 pre-crisis (2019-01..2021-08)
2019-09-06,FTB M Oct-19,2019-10,25,47.25,47.1523252688172,0.20714722047312506,1 pre-crisis (2019-01..2021-08)
2019-09-09,FTB M Oct-19,2019-10,22,47.2,47.1523252688172,0.10110791124511298,1 pre-crisis (2019-01..2021-08)
2019-09-10,FTB M Oct-19,2019-10,21,47.95,47.1523252688172,1.6916975496653164,1 pre-crisis (2019-01..2021-08)
2019-09-11,FTB M Oct-19,2019-10,20,50.42,47.1523252688172,6.930039425529211,1 pre-crisis (2019-01..2021-08)
2019-09-12,FTB M Oct-19,2019-10,19,50.75,47.1523252688172,7.629898866434082,1 pre-crisis (2019-01..2021-08)
2019-09-13,FTB M Oct-19,2019-10,18,49.75,47.1523252688172,5.509112681873818,1 pre-crisis (2019-01..2021-08)
2019-09-16,FTB M Oct-19,2019-10,15,50.5,47.1523252688172,7.099702320294021,1 pre-crisis (2019-01..2021-08)
2019-09-17,FTB M Oct-19,2019-10,14,51.83,47.1523252688172,9.920347945759179,1 pre-crisis (2019-01..2021-08)
2019-09-18,FTB M Oct-19,2019-10,13,50.48,47.1523252688172,7.0572865966028075,1 pre-crisis (2019-01..2021-08)
2019-09-19,FTB M Oct-19,2019-10,12,48.25,47.1523252688172,2.327933405033389,1 pre-crisis (2019-01..2021-08)
2019-09-20,FTB M Oct-19,2019-10,11,48.4,47.1523252688172,2.646051332717425,1 pre-crisis (2019-01..2021-08)
2019-09-23,FTB M Oct-19,2019-10,8,48.6,47.1523252688172,3.0702085696294956,1 pre-crisis (2019-01..2021-08)
2019-09-24,FTB M Oct-19,2019-10,7,48.1,47.1523252688172,2.0098154773493526,1 pre-crisis (2019-01..2021-08)
2019-09-25,FTB M Oct-19,2019-10,6,48.18,47.1523252688172,2.1794783721141853,1 pre-crisis (2019-01..2021-08)
2019-09-26,FTB M Oct-19,2019-10,5,48.0,47.1523252688172,1.7977368588933285,1 pre-crisis (2019-01..2021-08)
2019-09-27,FTB M Oct-19,2019-10,4,48.2,47.1523252688172,2.221894095805399,1 pre-crisis (2019-01..2021-08)
2019-09-30,FTB M Oct-19,2019-10,1,47.65,47.1523252688172,1.0554616942972217,1 pre-crisis (2019-01..2021-08)
2019-10-01,FTB M Nov-19,2019-11,31,58.6,42.18718055555556,38.90475549279879,1 pre-crisis (2019-01..2021-08)
2019-10-02,FTB M Nov-19,2019-11,30,58.2,42.18718055555556,37.9566001652029,1 pre-crisis (2019-01..2021-08)
2019-10-03,FTB M Nov-19,2019-11,29,57.28,42.18718055555556,35.775842911732326,1 pre-crisis (2019-01..2021-08)
2019-10-04,FTB M Nov-19,2019-11,28,55.7,42.18718055555556,32.03062936772856,1 pre-crisis (2019-01..2021-08)
2019-10-07,FTB M Nov-19,2019-11,25,55.6,42.18718055555556,31.793590535829573,1 pre-crisis (2019-01..2021-08)
2019-10-08,FTB M Nov-19,2019-11,24,54.35,42.18718055555556,28.83060513709239,1 pre-crisis (2019-01..2021-08)
2019-10-09,FTB M Nov-19,2019-11,23,54.0,42.18718055555556,28.000969225445992,1 pre-crisis (2019-01..2021-08)
2019-10-10,FTB M Nov-19,2019-11,22,53.6,42.18718055555556,27.05281389785008,1 pre-crisis (2019-01..2021-08)
2019-10-11,FTB M Nov-19,2019-11,21,53.6,42.18718055555556,27.05281389785008,1 pre-crisis (2019-01..2021-08)
2019-10-14,FTB M Nov-19,2019-11,18,53.5,42.18718055555556,26.81577506595112,1 pre-crisis (2019-01..2021-08)
2019-10-15,FTB M Nov-19,2019-11,17,53.5,42.18718055555556,26.81577506595112,1 pre-crisis (2019-01..2021-08)
2019-10-16,FTB M Nov-19,2019-11,16,53.8,42.18718055555556,27.526891561648025,1 pre-crisis (2019-01..2021-08)
2019-10-17,FTB M Nov-19,2019-11,15,54.2,42.18718055555556,28.475046889243938,1 pre-crisis (2019-01..2021-08)
2019-10-18,FTB M Nov-19,2019-11,14,53.0,42.18718055555556,25.630580906456245,1 pre-crisis (2019-01..2021-08)
2019-10-21,FTB M Nov-19,2019-11,11,52.5,42.18718055555556,24.445386746961372,1 pre-crisis (2019-01..2021-08)
2019-10-22,FTB M Nov-19,2019-11,10,53.5,42.18718055555556,26.81577506595112,1 pre-crisis (2019-01..2021-08)
2019-10-23,FTB M Nov-19,2019-11,9,52.75,42.18718055555556,25.03798382670881,1 pre-crisis (2019-01..2021-08)
2019-10-24,FTB M Nov-19,2019-11,8,52.1,42.18718055555556,23.497231419365484,1 pre-crisis (2019-01..2021-08)
2019-10-25,FTB M Nov-19,2019-11,7,51.5,42.18718055555556,22.074998427971625,1 pre-crisis (2019-01..2021-08)
2019-10-28,FTB M Nov-19,2019-11,4,51.15,42.18718055555556,21.24536251632523,1 pre-crisis (2019-01..2021-08)
2019-10-29,FTB M Nov-19,2019-11,3,47.73,42.18718055555556,13.138634465380306,1 pre-crisis (2019-01..2021-08)
2019-10-30,FTB M Nov-19,2019-11,2,47.5,42.18718055555556,12.593445152012661,1 pre-crisis (2019-01..2021-08)
2019-10-31,FTB M Nov-19,2019-11,1,47.5,42.18718055555556,12.593445152012661,1 pre-crisis (2019-01..2021-08)
2019-11-01,FTB M Dec-19,2019-12,30,51.6,33.809368279569895,52.6204203915295,1 pre-crisis (2019-01..2021-08)
2019-11-04,FTB M Dec-19,2019-12,27,51.75,33.809368279569895,53.06408440429558,1 pre-crisis (2019-01..2021-08)
2019-11-05,FTB M Dec-19,2019-12,26,50.05,33.809368279569895,48.0358922596134,1 pre-crisis (2019-01..2021-08)
2019-11-06,FTB M Dec-19,2019-12,25,49.77,33.809368279569895,47.20771943578341,1 pre-crisis (2019-01..2021-08)
2019-11-07,FTB M Dec-19,2019-12,24,48.75,33.809368279569895,44.190804148974095,1 pre-crisis (2019-01..2021-08)
2019-11-08,FTB M Dec-19,2019-12,23,48.8,33.809368279569895,44.33869215322945,1 pre-crisis (2019-01..2021-08)
2019-11-11,FTB M Dec-19,2019-12,20,48.9,33.809368279569895,44.63446816174017,1 pre-crisis (2019-01..2021-08)
2019-11-12,FTB M Dec-19,2019-12,19,49.5,33.809368279569895,46.40912421280448,1 pre-crisis (2019-01..2021-08)
2019-11-13,FTB M Dec-19,2019-12,18,49.6,33.809368279569895,46.70490022131519,1 pre-crisis (2019-01..2021-08)
2019-11-14,FTB M Dec-19,2019-12,17,48.95,33.809368279569895,44.78235616599553,1 pre-crisis (2019-01..2021-08)
2019-11-15,FTB M Dec-19,2019-12,16,49.75,33.809368279569895,47.14856423408125,1 pre-crisis (2019-01..2021-08)
2019-11-18,FTB M Dec-19,2019-12,13,49.15,33.809368279569895,45.373908183016965,1 pre-crisis (2019-01..2021-08)
2019-11-19,FTB M Dec-19,2019-12,12,48.25,33.809368279569895,42.711924106420504,1 pre-crisis (2019-01..2021-08)
2019-11-20,FTB M Dec-19,2019-12,11,48.18,33.809368279569895,42.50488090046301,1 pre-crisis (2019-01..2021-08)
2019-11-21,FTB M Dec-19,2019-12,10,48.0,33.809368279569895,41.97248408514371,1 pre-crisis (2019-01..2021-08)
2019-11-22,FTB M Dec-19,2019-12,9,48.35,33.809368279569895,43.007700114931225,1 pre-crisis (2019-01..2021-08)
2019-11-25,FTB M Dec-19,2019-12,6,49.5,33.809368279569895,46.40912421280448,1 pre-crisis (2019-01..2021-08)
2019-11-26,FTB M Dec-19,2019-12,5,48.95,33.809368279569895,44.78235616599553,1 pre-crisis (2019-01..2021-08)
2019-11-27,FTB M Dec-19,2019-12,4,48.75,33.809368279569895,44.190804148974095,1 pre-crisis (2019-01..2021-08)
2019-11-28,FTB M Dec-19,2019-12,3,50.0,33.809368279569895,47.88800425535804,1 pre-crisis (2019-01..2021-08)
2019-11-29,FTB M Dec-19,2019-12,2,50.05,33.809368279569895,48.0358922596134,1 pre-crisis (2019-01..2021-08)
2019-12-02,FTB M Jan-20,2020-01,30,52.3,41.080094086021504,27.312269272032495,1 pre-crisis (2019-01..2021-08)
2019-12-03,FTB M Jan-20,2020-01,29,50.0,41.080094086021504,21.71345054687621,1 pre-crisis (2019-01..2021-08)
2019-12-04,FTB M Jan-20,2020-01,28,49.25,41.080094086021504,19.887748788673054,1 pre-crisis (2019-01..2021-08)
2019-12-05,FTB M Jan-20,2020-01,27,48.8,41.080094086021504,18.79232773375117,1 pre-crisis (2019-01..2021-08)
2019-12-06,FTB M Jan-20,2020-01,26,48.25,41.080094086021504,17.45347977773555,1 pre-crisis (2019-01..2021-08)
2019-12-09,FTB M Jan-20,2020-01,23,48.4,41.080094086021504,17.81862012937616,1 pre-crisis (2019-01..2021-08)
2019-12-10,FTB M Jan-20,2020-01,22,46.65,41.080094086021504,13.558649360235497,1 pre-crisis (2019-01..2021-08)
2019-12-11,FTB M Jan-20,2020-01,21,46.87,41.080094086021504,14.09418854264175,1 pre-crisis (2019-01..2021-08)
2019-12-12,FTB M Jan-20,2020-01,20,46.6,41.080094086021504,13.436935909688618,1 pre-crisis (2019-01..2021-08)
2019-12-13,FTB M Jan-20,2020-01,19,46.3,41.080094086021504,12.706655206407369,1 pre-crisis (2019-01..2021-08)
2019-12-16,FTB M Jan-20,2020-01,16,45.5,41.080094086021504,10.759239997657355,1 pre-crisis (2019-01..2021-08)
2019-12-17,FTB M Jan-20,2020-01,15,45.18,41.080094086021504,9.980273914157344,1 pre-crisis (2019-01..2021-08)
2019-12-18,FTB M Jan-20,2020-01,14,45.9,41.080094086021504,11.732947602032361,1 pre-crisis (2019-01..2021-08)
2019-12-19,FTB M Jan-20,2020-01,13,46.0,41.080094086021504,11.97637450312612,1 pre-crisis (2019-01..2021-08)
2019-12-20,FTB M Jan-20,2020-01,12,46.57,41.080094086021504,13.3639078393605,1 pre-crisis (2019-01..2021-08)
2019-12-23,FTB M Jan-20,2020-01,9,45.8,41.080094086021504,11.489520700938606,1 pre-crisis (2019-01..2021-08)
2019-12-24,FTB M Jan-20,2020-01,8,44.65,41.080094086021504,8.69011133836044,1 pre-crisis (2019-01..2021-08)
2019-12-25,FTB M Jan-20,2020-01,7,44.07,41.080094086021504,7.278235312016679,1 pre-crisis (2019-01..2021-08)
2019-12-26,FTB M Jan-20,2020-01,6,44.07,41.080094086021504,7.278235312016679,1 pre-crisis (2019-01..2021-08)
2019-12-27,FTB M Jan-20,2020-01,5,44.07,41.080094086021504,7.278235312016679,1 pre-crisis (2019-01..2021-08)
2019-12-30,FTB M Jan-20,2020-01,2,44.4,41.080094086021504,8.081544085626069,1 pre-crisis (2019-01..2021-08)
2019-12-31,FTB M Jan-20,2020-01,1,43.5,41.080094086021504,5.890701975782298,1 pre-crisis (2019-01..2021-08)
2020-01-01,FTB M Feb-20,2020-02,31,46.5,35.855704022988505,29.68647881014139,1 pre-crisis (2019-01..2021-08)
2020-01-02,FTB M Feb-20,2020-02,30,46.5,35.855704022988505,29.68647881014139,1 pre-crisis (2019-01..2021-08)
2020-01-03,FTB M Feb-20,2020-02,29,44.81,35.855704022988505,24.973142268439474,1 pre-crisis (2019-01..2021-08)
2020-01-06,FTB M Feb-20,2020-02,26,45.25,35.855704022988505,26.200283143202107,1 pre-crisis (2019-01..2021-08)
2020-01-07,FTB M Feb-20,2020-02,25,44.35,35.855704022988505,23.69022226300581,1 pre-crisis (2019-01..2021-08)
2020-01-08,FTB M Feb-20,2020-02,24,44.28,35.855704022988505,23.49499530565722,1 pre-crisis (2019-01..2021-08)
2020-01-09,FTB M Feb-20,2020-02,23,43.07,35.855704022988505,20.120357900059993,1 pre-crisis (2019-01..2021-08)
2020-01-10,FTB M Feb-20,2020-02,22,42.5,35.855704022988505,18.530652675935677,1 pre-crisis (2019-01..2021-08)
2020-01-13,FTB M Feb-20,2020-02,19,42.25,35.855704022988505,17.833413542547817,1 pre-crisis (2019-01..2021-08)
2020-01-14,FTB M Feb-20,2020-02,18,41.6,35.855704022988505,16.020591795739403,1 pre-crisis (2019-01..2021-08)
2020-01-15,FTB M Feb-20,2020-02,17,40.87,35.855704022988505,13.984653526246849,1 pre-crisis (2019-01..2021-08)
2020-01-16,FTB M Feb-20,2020-02,16,40.6,35.855704022988505,13.231635262187957,1 pre-crisis (2019-01..2021-08)
2020-01-17,FTB M Feb-20,2020-02,15,40.35,35.855704022988505,12.534396128800118,1 pre-crisis (2019-01..2021-08)
2020-01-20,FTB M Feb-20,2020-02,12,40.5,35.855704022988505,12.95273960883283,1 pre-crisis (2019-01..2021-08)
2020-01-21,FTB M Feb-20,2020-02,11,39.9,35.855704022988505,11.279365688701958,1 pre-crisis (2019-01..2021-08)
2020-01-22,FTB M Feb-20,2020-02,10,41.32,35.855704022988505,15.239683966344986,1 pre-crisis (2019-01..2021-08)
2020-01-23,FTB M Feb-20,2020-02,9,41.5,35.855704022988505,15.741696142384253,1 pre-crisis (2019-01..2021-08)
2020-01-24,FTB M Feb-20,2020-02,8,42.25,35.855704022988505,17.833413542547817,1 pre-crisis (2019-01..2021-08)
2020-01-27,FTB M Feb-20,2020-02,5,41.2,35.855704022988505,14.905009182318828,1 pre-crisis (2019-01..2021-08)
2020-01-28,FTB M Feb-20,2020-02,4,40.25,35.855704022988505,12.255500475444968,1 pre-crisis (2019-01..2021-08)
2020-01-29,FTB M Feb-20,2020-02,3,40.6,35.855704022988505,13.231635262187957,1 pre-crisis (2019-01..2021-08)
2020-01-30,FTB M Feb-20,2020-02,2,39.6,35.855704022988505,10.442678728636533,1 pre-crisis (2019-01..2021-08)
2020-01-31,FTB M Feb-20,2020-02,1,38.5,35.855704022988505,7.374826541729962,1 pre-crisis (2019-01..2021-08)
2020-02-03,FTB M Mar-20,2020-03,27,37.0,27.737002688172044,33.39581214295371,1 pre-crisis (2019-01..2021-08)
2020-02-04,FTB M Mar-20,2020-03,26,36.3,27.737002688172044,30.872107588897823,1 pre-crisis (2019-01..2021-08)
2020-02-05,FTB M Mar-20,2020-03,25,36.4,27.737002688172044,31.232636810905802,1 pre-crisis (2019-01..2021-08)
2020-02-06,FTB M Mar-20,2020-03,24,36.48,27.737002688172044,31.521060188512195,1 pre-crisis (2019-01..2021-08)
2020-02-07,FTB M Mar-20,2020-03,23,35.4,27.737002688172044,27.627344590825963,1 pre-crisis (2019-01..2021-08)
2020-02-10,FTB M Mar-20,2020-03,20,35.3,27.737002688172044,27.266815368817987,1 pre-crisis (2019-01..2021-08)
2020-02-11,FTB M Mar-20,2020-03,19,34.9,27.737002688172044,25.824698480786058,1 pre-crisis (2019-01..2021-08)
2020-02-12,FTB M Mar-20,2020-03,18,35.5,27.737002688172044,27.987873812833964,1 pre-crisis (2019-01..2021-08)
2020-02-13,FTB M Mar-20,2020-03,17,35.8,27.737002688172044,29.069461478857896,1 pre-crisis (2019-01..2021-08)
2020-02-14,FTB M Mar-20,2020-03,16,36.25,27.737002688172044,30.691842977893845,1 pre-crisis (2019-01..2021-08)
2020-02-17,FTB M Mar-20,2020-03,13,36.05,27.737002688172044,29.97078453387787,1 pre-crisis (2019-01..2021-08)
2020-02-18,FTB M Mar-20,2020-03,12,36.0,27.737002688172044,29.79051992287387,1 pre-crisis (2019-01..2021-08)
2020-02-19,FTB M Mar-20,2020-03,11,36.03,27.737002688172044,29.898678689476267,1 pre-crisis (2019-01..2021-08)
2020-02-20,FTB M Mar-20,2020-03,10,36.15,27.737002688172044,30.331313755885848,1 pre-crisis (2019-01..2021-08)
2020-02-21,FTB M Mar-20,2020-03,9,35.75,27.737002688172044,28.88919686785392,1 pre-crisis (2019-01..2021-08)
2020-02-24,FTB M Mar-20,2020-03,6,35.0,27.737002688172044,26.185227702794055,1 pre-crisis (2019-01..2021-08)
2020-02-25,FTB M Mar-20,2020-03,5,32.75,27.737002688172044,18.07332020761443,1 pre-crisis (2019-01..2021-08)
2020-02-26,FTB M Mar-20,2020-03,4,31.55,27.737002688172044,13.746969543518638,1 pre-crisis (2019-01..2021-08)
2020-02-27,FTB M Mar-20,2020-03,3,31.0,27.737002688172044,11.764058822474732,1 pre-crisis (2019-01..2021-08)
2020-02-28,FTB M Mar-20,2020-03,2,31.13,27.737002688172044,12.232746811085104,1 pre-crisis (2019-01..2021-08)
2020-03-02,FTB M Apr-20,2020-04,30,33.0,17.60902777777778,87.40387269787433,1 pre-crisis (2019-01..2021-08)
2020-03-03,FTB M Apr-20,2020-04,29,33.26,17.60902777777778,88.88038805852425,1 pre-crisis (2019-01..2021-08)
2020-03-04,FTB M Apr-20,2020-04,28,33.35,17.60902777777778,89.39148952951848,1 pre-crisis (2019-01..2021-08)
2020-03-05,FTB M Apr-20,2020-04,27,33.25,17.60902777777778,88.82359900619157,1 pre-crisis (2019-01..2021-08)
2020-03-06,FTB M Apr-20,2020-04,26,33.4,17.60902777777778,89.6754347911819,1 pre-crisis (2019-01..2021-08)
2020-03-09,FTB M Apr-20,2020-04,23,33.75,17.60902777777778,91.66305162282602,1 pre-crisis (2019-01..2021-08)
2020-03-10,FTB M Apr-20,2020-04,22,33.2,17.60902777777778,88.53965374452815,1 pre-crisis (2019-01..2021-08)
2020-03-11,FTB M Apr-20,2020-04,21,34.08,17.60902777777778,93.53709034980476,1 pre-crisis (2019-01..2021-08)
2020-03-12,FTB M Apr-20,2020-04,20,33.85,17.60902777777778,92.23094214615293,1 pre-crisis (2019-01..2021-08)
2020-03-13,FTB M Apr-20,2020-04,19,33.4,17.60902777777778,89.6754347911819,1 pre-crisis (2019-01..2021-08)
2020-03-16,FTB M Apr-20,2020-04,16,32.65,17.60902777777778,85.4162558662302,1 pre-crisis (2019-01..2021-08)
2020-03-17,FTB M Apr-20,2020-04,15,29.65,17.60902777777778,68.37954016642345,1 pre-crisis (2019-01..2021-08)
2020-03-18,FTB M Apr-20,2020-04,14,28.05,17.60902777777778,59.293291793193184,1 pre-crisis (2019-01..2021-08)
2020-03-19,FTB M Apr-20,2020-04,13,27.05,17.60902777777778,53.61438655992428,1 pre-crisis (2019-01..2021-08)
2020-03-20,FTB M Apr-20,2020-04,12,26.0,17.60902777777778,47.65153606499191,1 pre-crisis (2019-01..2021-08)
2020-03-23,FTB M Apr-20,2020-04,9,24.5,17.60902777777778,39.13317821508853,1 pre-crisis (2019-01..2021-08)
2020-03-24,FTB M Apr-20,2020-04,8,22.9,17.60902777777778,30.046929841858237,1 pre-crisis (2019-01..2021-08)
2020-03-25,FTB M Apr-20,2020-04,7,22.98,17.60902777777778,30.501242260519778,1 pre-crisis (2019-01..2021-08)
2020-03-26,FTB M Apr-20,2020-04,6,21.75,17.60902777777778,23.516188823599006,1 pre-crisis (2019-01..2021-08)
2020-03-27,FTB M Apr-20,2020-04,5,21.25,17.60902777777778,20.67673620696453,1 pre-crisis (2019-01..2021-08)
2020-03-30,FTB M Apr-20,2020-04,2,20.55,17.60902777777778,16.701502543676305,1 pre-crisis (2019-01..2021-08)
2020-03-31,FTB M Apr-20,2020-04,1,20.0,17.60902777777778,13.578104665378387,1 pre-crisis (2019-01..2021-08)
2020-04-01,FTB M May-20,2020-05,30,25.05,21.33369623655914,17.419877560046547,1 pre-crisis (2019-01..2021-08)
2020-04-02,FTB M May-20,2020-05,29,23.87,21.33369623655914,11.888721651030387,1 pre-crisis (2019-01..2021-08)
2020-04-03,FTB M May-20,2020-05,28,23.61,21.33369623655914,10.669992382942084,1 pre-crisis (2019-01..2021-08)
2020-04-06,FTB M May-20,2020-05,25,22.2,21.33369623655914,4.060729813693942,1 pre-crisis (2019-01..2021-08)
2020-04-07,FTB M May-20,2020-05,24,26.05,21.33369623655914,22.107297821924664,1 pre-crisis (2019-01..2021-08)
2020-04-08,FTB M May-20,2020-05,23,26.75,21.33369623655914,25.38849200523934,1 pre-crisis (2019-01..2021-08)
2020-04-09,FTB M May-20,2020-05,22,26.35,21.33369623655914,23.51352390048811,1 pre-crisis (2019-01..2021-08)
2020-04-10,FTB M May-20,2020-05,21,25.9,21.33369623655914,21.404184782642943,1 pre-crisis (2019-01..2021-08)
2020-04-13,FTB M May-20,2020-05,18,25.9,21.33369623655914,21.404184782642943,1 pre-crisis (2019-01..2021-08)
2020-04-14,FTB M May-20,2020-05,17,25.9,21.33369623655914,21.404184782642943,1 pre-crisis (2019-01..2021-08)
2020-04-15,FTB M May-20,2020-05,16,23.8,21.33369623655914,11.560602232698924,1 pre-crisis (2019-01..2021-08)
2020-04-16,FTB M May-20,2020-05,15,22.85,21.33369623655914,7.107552983914722,1 pre-crisis (2019-01..2021-08)
2020-04-17,FTB M May-20,2020-05,14,24.4,21.33369623655914,14.37305438982579,1 pre-crisis (2019-01..2021-08)
2020-04-20,FTB M May-20,2020-05,11,26.0,21.33369623655914,21.87292680883075,1 pre-crisis (2019-01..2021-08)
2020-04-21,FTB M May-20,2020-05,10,24.0,21.33369623655914,12.498086285074539,1 pre-crisis (2019-01..2021-08)
2020-04-22,FTB M May-20,2020-05,9,23.0,21.33369623655914,7.810666023196444,1 pre-crisis (2019-01..2021-08)
2020-04-23,FTB M May-20,2020-05,8,22.2,21.33369623655914,4.060729813693942,1 pre-crisis (2019-01..2021-08)
2020-04-24,FTB M May-20,2020-05,7,22.6,21.33369623655914,5.935697918445193,1 pre-crisis (2019-01..2021-08)
2020-04-27,FTB M May-20,2020-05,4,21.65,21.33369623655914,1.4826486696609908,1 pre-crisis (2019-01..2021-08)
2020-04-28,FTB M May-20,2020-05,3,21.78,21.33369623655914,2.0920133037051647,1 pre-crisis (2019-01..2021-08)
2020-04-29,FTB M May-20,2020-05,2,21.3,21.33369623655914,-0.15794842199633452,1 pre-crisis (2019-01..2021-08)
2020-04-30,FTB M May-20,2020-05,1,21.4,21.33369623655914,0.3107936041914616,1 pre-crisis (2019-01..2021-08)
2020-05-01,FTB M Jun-20,2020-06,31,29.1,30.63211111111111,-5.001650410426239,1 pre-crisis (2019-01..2021-08)
2020-05-04,FTB M Jun-20,2020-06,28,29.1,30.63211111111111,-5.001650410426239,1 pre-crisis (2019-01..2021-08)
2020-05-05,FTB M Jun-20,2020-06,27,27.23,30.63211111111111,-11.106355349687513,1 pre-crisis (2019-01..2021-08)
2020-05-06,FTB M Jun-20,2020-06,26,27.25,30.63211111111111,-11.041064387770284,1 pre-crisis (2019-01..2021-08)
2020-05-07,FTB M Jun-20,2020-06,25,26.75,30.63211111111111,-12.673338435701098,1 pre-crisis (2019-01..2021-08)
2020-05-08,FTB M Jun-20,2020-06,24,26.5,30.63211111111111,-13.489475459666512,1 pre-crisis (2019-01..2021-08)
2020-05-11,FTB M Jun-20,2020-06,21,26.68,30.63211111111111,-12.901856802411416,1 pre-crisis (2019-01..2021-08)
2020-05-12,FTB M Jun-20,2020-06,20,27.0,30.63211111111111,-11.857201411735685,1 pre-crisis (2019-01..2021-08)
2020-05-13,FTB M Jun-20,2020-06,19,27.25,30.63211111111111,-11.041064387770284,1 pre-crisis (2019-01..2021-08)
2020-05-14,FTB M Jun-20,2020-06,18,27.0,30.63211111111111,-11.857201411735685,1 pre-crisis (2019-01..2021-08)
2020-05-15,FTB M Jun-20,2020-06,17,26.85,30.63211111111111,-12.346883626114934,1 pre-crisis (2019-01..2021-08)
2020-05-18,FTB M Jun-20,2020-06,14,27.0,30.63211111111111,-11.857201411735685,1 pre-crisis (2019-01..2021-08)
2020-05-19,FTB M Jun-20,2020-06,13,27.25,30.63211111111111,-11.041064387770284,1 pre-crisis (2019-01..2021-08)
2020-05-20,FTB M Jun-20,2020-06,12,26.6,30.63211111111111,-13.163020650080338,1 pre-crisis (2019-01..2021-08)
2020-05-21,FTB M Jun-20,2020-06,11,26.5,30.63211111111111,-13.489475459666512,1 pre-crisis (2019-01..2021-08)
2020-05-22,FTB M Jun-20,2020-06,10,25.8,30.63211111111111,-15.774659126769652,1 pre-crisis (2019-01..2021-08)
2020-05-25,FTB M Jun-20,2020-06,7,25.4,30.63211111111111,-17.080478365114317,1 pre-crisis (2019-01..2021-08)
2020-05-26,FTB M Jun-20,2020-06,6,26.15,30.63211111111111,-14.632067293218087,1 pre-crisis (2019-01..2021-08)
2020-05-27,FTB M Jun-20,2020-06,5,26.33,30.63211111111111,-14.044448635962992,1 pre-crisis (2019-01..2021-08)
2020-05-28,FTB M Jun-20,2020-06,4,26.58,30.63211111111111,-13.22831161199758,1 pre-crisis (2019-01..2021-08)
2020-05-29,FTB M Jun-20,2020-06,3,27.0,30.63211111111111,-11.857201411735685,1 pre-crisis (2019-01..2021-08)
2020-06-01,FTB M Jul-20,2020-07,30,30.0,34.623306451612905,-13.353162726021306,1 pre-crisis (2019-01..2021-08)
2020-06-02,FTB M Jul-20,2020-07,29,29.24,34.623306451612905,-15.548215936962107,1 pre-crisis (2019-01..2021-08)
2020-06-03,FTB M Jul-20,2020-07,28,30.25,34.623306451612905,-12.631105748738147,1 pre-crisis (2019-01..2021-08)
2020-06-04,FTB M Jul-20,2020-07,27,31.22,34.623306451612905,-9.829524676879508,1 pre-crisis (2019-01..2021-08)
2020-06-05,FTB M Jul-20,2020-07,26,31.18,34.623306451612905,-9.945053793244806,1 pre-crisis (2019-01..2021-08)
2020-06-08,FTB M Jul-20,2020-07,23,32.77,34.623306451612905,-5.352771417723934,1 pre-crisis (2019-01..2021-08)
2020-06-09,FTB M Jul-20,2020-07,22,32.49,34.623306451612905,-6.161475232281067,1 pre-crisis (2019-01..2021-08)
2020-06-10,FTB M Jul-20,2020-07,21,31.4,34.623306451612905,-9.309643653235645,1 pre-crisis (2019-01..2021-08)
2020-06-11,FTB M Jul-20,2020-07,20,30.9,34.623306451612905,-10.753757607801951,1 pre-crisis (2019-01..2021-08)
2020-06-12,FTB M Jul-20,2020-07,19,30.5,34.623306451612905,-11.909048771455,1 pre-crisis (2019-01..2021-08)
2020-06-15,FTB M Jul-20,2020-07,16,30.75,34.623306451612905,-11.186991794171842,1 pre-crisis (2019-01..2021-08)
2020-06-16,FTB M Jul-20,2020-07,15,30.9,34.623306451612905,-10.753757607801951,1 pre-crisis (2019-01..2021-08)
2020-06-17,FTB M Jul-20,2020-07,14,31.8,34.623306451612905,-8.154352489582584,1 pre-crisis (2019-01..2021-08)
2020-06-18,FTB M Jul-20,2020-07,13,31.6,34.623306451612905,-8.731998071409109,1 pre-crisis (2019-01..2021-08)
2020-06-19,FTB M Jul-20,2020-07,12,32.42,34.623306451612905,-6.363651185920349,1 pre-crisis (2019-01..2021-08)
2020-06-22,FTB M Jul-20,2020-07,9,32.96,34.623306451612905,-4.804008114988745,1 pre-crisis (2019-01..2021-08)
2020-06-23,FTB M Jul-20,2020-07,8,33.3,34.623306451612905,-3.822010625883654,1 pre-crisis (2019-01..2021-08)
2020-06-24,FTB M Jul-20,2020-07,7,35.2,34.623306451612905,1.6656224014683474,1 pre-crisis (2019-01..2021-08)
2020-06-25,FTB M Jul-20,2020-07,6,36.38,34.623306451612905,5.0737313342448465,1 pre-crisis (2019-01..2021-08)
2020-06-26,FTB M Jul-20,2020-07,5,35.97,34.623306451612905,3.8895578915004503,1 pre-crisis (2019-01..2021-08)
2020-06-29,FTB M Jul-20,2020-07,2,36.15,34.623306451612905,4.409438915144315,1 pre-crisis (2019-01..2021-08)
2020-06-30,FTB M Jul-20,2020-07,1,36.75,34.623306451612905,6.1423756606239,1 pre-crisis (2019-01..2021-08)
2020-07-01,FTB M Aug-20,2020-08,31,36.0,36.21193548387097,-0.5852641706085127,1 pre-crisis (2019-01..2021-08)
2020-07-02,FTB M Aug-20,2020-08,30,36.0,36.21193548387097,-0.5852641706085127,1 pre-crisis (2019-01..2021-08)
2020-07-03,FTB M Aug-20,2020-08,29,36.0,36.21193548387097,-0.5852641706085127,1 pre-crisis (2019-01..2021-08)
2020-07-06,FTB M Aug-20,2020-08,26,36.25,36.21193548387097,0.10511593931781249,1 pre-crisis (2019-01..2021-08)
2020-07-07,FTB M Aug-20,2020-08,25,37.0,36.21193548387097,2.17625626909681,1 pre-crisis (2019-01..2021-08)
2020-07-08,FTB M Aug-20,2020-08,24,37.5,36.21193548387097,3.5570164889494604,1 pre-crisis (2019-01..2021-08)
2020-07-09,FTB M Aug-20,2020-08,23,37.05,36.21193548387097,2.3143322910820663,1 pre-crisis (2019-01..2021-08)
2020-07-10,FTB M Aug-20,2020-08,22,36.6,36.21193548387097,1.0716480932146943,1 pre-crisis (2019-01..2021-08)
2020-07-13,FTB M Aug-20,2020-08,19,35.4,36.21193548387097,-2.2421764344317086,1 pre-crisis (2019-01..2021-08)
2020-07-14,FTB M Aug-20,2020-08,18,36.3,36.21193548387097,0.24319196130306864,1 pre-crisis (2019-01..2021-08)
2020-07-15,FTB M Aug-20,2020-08,17,35.25,36.21193548387097,-2.656404500387499,1 pre-crisis (2019-01..2021-08)
2020-07-16,FTB M Aug-20,2020-08,16,35.7,36.21193548387097,-1.413720302520105,1 pre-crisis (2019-01..2021-08)
2020-07-17,FTB M Aug-20,2020-08,15,35.25,36.21193548387097,-2.656404500387499,1 pre-crisis (2019-01..2021-08)
2020-07-20,FTB M Aug-20,2020-08,12,34.76,36.21193548387097,-4.009549515843114,1 pre-crisis (2019-01..2021-08)
2020-07-21,FTB M Aug-20,2020-08,11,33.6,36.21193548387097,-7.212913225901274,1 pre-crisis (2019-01..2021-08)
2020-07-22,FTB M Aug-20,2020-08,10,34.15,36.21193548387097,-5.694076984063356,1 pre-crisis (2019-01..2021-08)
2020-07-23,FTB M Aug-20,2020-08,9,34.2,36.21193548387097,-5.556000962078079,1 pre-crisis (2019-01..2021-08)
2020-07-24,FTB M Aug-20,2020-08,8,34.8,36.21193548387097,-3.8990886982549045,1 pre-crisis (2019-01..2021-08)
2020-07-27,FTB M Aug-20,2020-08,5,34.5,36.21193548387097,-4.727544830166486,1 pre-crisis (2019-01..2021-08)
2020-07-28,FTB M Aug-20,2020-08,4,33.9,36.21193548387097,-6.384457093989681,1 pre-crisis (2019-01..2021-08)
2020-07-29,FTB M Aug-20,2020-08,3,34.15,36.21193548387097,-5.694076984063356,1 pre-crisis (2019-01..2021-08)
2020-07-30,FTB M Aug-20,2020-08,2,35.5,36.21193548387097,-1.966024390461174,1 pre-crisis (2019-01..2021-08)
2020-07-31,FTB M Aug-20,2020-08,1,35.9,36.21193548387097,-0.8614162145790472,1 pre-crisis (2019-01..2021-08)
2020-08-03,FTB M Sep-20,2020-09,29,37.05,41.94605555555555,-11.672266893059735,1 pre-crisis (2019-01..2021-08)
2020-08-04,FTB M Sep-20,2020-09,28,38.75,41.94605555555555,-7.619442432012535,1 pre-crisis (2019-01..2021-08)
2020-08-05,FTB M Sep-20,2020-09,27,39.1,41.94605555555555,-6.785037395914584,1 pre-crisis (2019-01..2021-08)
2020-08-06,FTB M Sep-20,2020-09,26,39.35,41.94605555555555,-6.189033798701759,1 pre-crisis (2019-01..2021-08)
2020-08-07,FTB M Sep-20,2020-09,25,39.2,41.94605555555555,-6.546635957029457,1 pre-crisis (2019-01..2021-08)
2020-08-10,FTB M Sep-20,2020-09,22,39.35,41.94605555555555,-6.189033798701759,1 pre-crisis (2019-01..2021-08)
2020-08-11,FTB M Sep-20,2020-09,21,38.8,41.94605555555555,-7.500241712569977,1 pre-crisis (2019-01..2021-08)
2020-08-12,FTB M Sep-20,2020-09,20,38.0,41.94605555555555,-9.407453223651007,1 pre-crisis (2019-01..2021-08)
2020-08-13,FTB M Sep-20,2020-09,19,37.0,41.94605555555555,-11.791467612502293,1 pre-crisis (2019-01..2021-08)
2020-08-14,FTB M Sep-20,2020-09,18,36.9,41.94605555555555,-12.029869051387433,1 pre-crisis (2019-01..2021-08)
2020-08-17,FTB M Sep-20,2020-09,15,36.78,41.94605555555555,-12.315950778049578,1 pre-crisis (2019-01..2021-08)
2020-08-18,FTB M Sep-20,2020-09,14,37.6,41.94605555555555,-10.361058979191517,1 pre-crisis (2019-01..2021-08)
2020-08-19,FTB M Sep-20,2020-09,13,38.6,41.94605555555555,-7.977044590340232,1 pre-crisis (2019-01..2021-08)
2020-08-20,FTB M Sep-20,2020-09,12,38.5,41.94605555555555,-8.21544602922536,1 pre-crisis (2019-01..2021-08)
2020-08-21,FTB M Sep-20,2020-09,11,38.4,41.94605555555555,-8.453847468110498,1 pre-crisis (2019-01..2021-08)
2020-08-24,FTB M Sep-20,2020-09,8,37.25,41.94605555555555,-11.195464015289469,1 pre-crisis (2019-01..2021-08)
2020-08-25,FTB M Sep-20,2020-09,7,39.0,41.94605555555555,-7.023438834799722,1 pre-crisis (2019-01..2021-08)
2020-08-26,FTB M Sep-20,2020-09,6,40.0,41.94605555555555,-4.639424445948426,1 pre-crisis (2019-01..2021-08)
2020-08-27,FTB M Sep-20,2020-09,5,41.15,41.94605555555555,-1.8978078987694436,1 pre-crisis (2019-01..2021-08)
2020-08-28,FTB M Sep-20,2020-09,4,41.0,41.94605555555555,-2.2554100570971403,1 pre-crisis (2019-01..2021-08)
2020-08-31,FTB M Sep-20,2020-09,1,44.0,41.94605555555555,4.896633109456738,1 pre-crisis (2019-01..2021-08)
2020-09-01,FTB M Oct-20,2020-10,30,44.95,36.54693548387097,22.99252838815311,1 pre-crisis (2019-01..2021-08)
2020-09-02,FTB M Oct-20,2020-10,29,45.5,36.54693548387097,24.497442528608815,1 pre-crisis (2019-01..2021-08)
2020-09-03,FTB M Oct-20,2020-10,28,45.55,36.54693548387097,24.634252905013867,1 pre-crisis (2019-01..2021-08)
2020-09-04,FTB M Oct-20,2020-10,27,45.79,36.54693548387097,25.29094271175818,1 pre-crisis (2019-01..2021-08)
2020-09-07,FTB M Oct-20,2020-10,24,45.85,36.54693548387097,25.455115163444276,1 pre-crisis (2019-01..2021-08)
2020-09-08,FTB M Oct-20,2020-10,23,45.5,36.54693548387097,24.497442528608815,1 pre-crisis (2019-01..2021-08)
2020-09-09,FTB M Oct-20,2020-10,22,44.4,36.54693548387097,21.487614247697383,1 pre-crisis (2019-01..2021-08)
2020-09-10,FTB M Oct-20,2020-10,21,43.75,36.54693548387097,19.70907935443156,1 pre-crisis (2019-01..2021-08)
2020-09-11,FTB M Oct-20,2020-10,20,43.35,36.54693548387097,18.614596343191046,1 pre-crisis (2019-01..2021-08)
2020-09-14,FTB M Oct-20,2020-10,17,42.95,36.54693548387097,17.520113331950537,1 pre-crisis (2019-01..2021-08)
2020-09-15,FTB M Oct-20,2020-10,16,43.7,36.54693548387097,19.572268978026486,1 pre-crisis (2019-01..2021-08)
2020-09-16,FTB M Oct-20,2020-10,15,43.9,36.54693548387097,20.119510483646753,1 pre-crisis (2019-01..2021-08)
2020-09-17,FTB M Oct-20,2020-10,14,43.7,36.54693548387097,19.572268978026486,1 pre-crisis (2019-01..2021-08)
2020-09-18,FTB M Oct-20,2020-10,13,42.7,36.54693548387097,16.8360614499252,1 pre-crisis (2019-01..2021-08)
2020-09-21,FTB M Oct-20,2020-10,10,42.29,36.54693548387097,15.714216363403665,1 pre-crisis (2019-01..2021-08)
2020-09-22,FTB M Oct-20,2020-10,9,42.1,36.54693548387097,15.194336933064424,1 pre-crisis (2019-01..2021-08)
2020-09-23,FTB M Oct-20,2020-10,8,41.75,36.54693548387097,14.236664298228963,1 pre-crisis (2019-01..2021-08)
2020-09-24,FTB M Oct-20,2020-10,7,41.55,36.54693548387097,13.689422792608696,1 pre-crisis (2019-01..2021-08)
2020-09-25,FTB M Oct-20,2020-10,6,41.45,36.54693548387097,13.415802039798596,1 pre-crisis (2019-01..2021-08)
2020-09-28,FTB M Oct-20,2020-10,3,40.79,36.54693548387097,11.609905071251724,1 pre-crisis (2019-01..2021-08)
2020-09-29,FTB M Oct-20,2020-10,2,40.69,36.54693548387097,11.336284318441582,1 pre-crisis (2019-01..2021-08)
2020-09-30,FTB M Oct-20,2020-10,1,40.5,36.54693548387097,10.81640488810236,1 pre-crisis (2019-01..2021-08)
2020-10-01,FTB M Nov-20,2020-11,31,45.3,41.964222222222226,7.949099497455481,1 pre-crisis (2019-01..2021-08)
2020-10-02,FTB M Nov-20,2020-11,30,43.6,41.964222222222226,3.8980295383898467,1 pre-crisis (2019-01..2021-08)
2020-10-05,FTB M Nov-20,2020-11,27,43.1,41.964222222222226,2.7065383739587556,1 pre-crisis (2019-01..2021-08)
2020-10-06,FTB M Nov-20,2020-11,26,43.8,41.964222222222226,4.374626004162252,1 pre-crisis (2019-01..2021-08)
2020-10-07,FTB M Nov-20,2020-11,25,43.6,41.964222222222226,3.8980295383898467,1 pre-crisis (2019-01..2021-08)
2020-10-08,FTB M Nov-20,2020-11,24,43.25,41.964222222222226,3.0639857232880763,1 pre-crisis (2019-01..2021-08)
2020-10-09,FTB M Nov-20,2020-11,23,43.0,41.964222222222226,2.468240141072542,1 pre-crisis (2019-01..2021-08)
2020-10-12,FTB M Nov-20,2020-11,20,42.5,41.964222222222226,1.276748976641473,1 pre-crisis (2019-01..2021-08)
2020-10-13,FTB M Nov-20,2020-11,19,41.15,41.964222222222226,-1.940277167322435,1 pre-crisis (2019-01..2021-08)
2020-10-14,FTB M Nov-20,2020-11,18,40.65,41.964222222222226,-3.131768331753515,1 pre-crisis (2019-01..2021-08)
2020-10-15,FTB M Nov-20,2020-11,17,40.9,41.964222222222226,-2.5360227495379806,1 pre-crisis (2019-01..2021-08)
2020-10-16,FTB M Nov-20,2020-11,16,40.5,41.964222222222226,-3.4892156810828356,1 pre-crisis (2019-01..2021-08)
2020-10-19,FTB M Nov-20,2020-11,13,40.75,41.964222222222226,-2.893470098867301,1 pre-crisis (2019-01..2021-08)
2020-10-20,FTB M Nov-20,2020-11,12,41.0,41.964222222222226,-2.2977245166517557,1 pre-crisis (2019-01..2021-08)
2020-10-21,FTB M Nov-20,2020-11,11,42.15,41.964222222222226,0.44270516153970263,1 pre-crisis (2019-01..2021-08)
2020-10-22,FTB M Nov-20,2020-11,10,42.7,41.964222222222226,1.7533454424139006,1 pre-crisis (2019-01..2021-08)
2020-10-23,FTB M Nov-20,2020-11,9,44.25,41.964222222222226,5.446968052150236,1 pre-crisis (2019-01..2021-08)
2020-10-26,FTB M Nov-20,2020-11,6,45.45,41.964222222222226,8.306546846784823,1 pre-crisis (2019-01..2021-08)
2020-10-27,FTB M Nov-20,2020-11,5,44.0,41.964222222222226,4.851222469934702,1 pre-crisis (2019-01..2021-08)
2020-10-28,FTB M Nov-20,2020-11,4,42.8,41.964222222222226,1.9916436753001143,1 pre-crisis (2019-01..2021-08)
2020-10-29,FTB M Nov-20,2020-11,3,41.1,41.964222222222226,-2.059426283765542,1 pre-crisis (2019-01..2021-08)
2020-10-30,FTB M Nov-20,2020-11,2,40.65,41.964222222222226,-3.131768331753515,1 pre-crisis (2019-01..2021-08)
2020-11-02,FTB M Dec-20,2020-12,29,40.9,41.9715188172043,-2.552966505384313,1 pre-crisis (2019-01..2021-08)
2020-11-03,FTB M Dec-20,2020-12,28,39.9,41.9715188172043,-4.935534561487387,1 pre-crisis (2019-01..2021-08)
2020-11-04,FTB M Dec-20,2020-12,27,40.6,41.9715188172043,-3.2677369222152253,1 pre-crisis (2019-01..2021-08)
2020-11-05,FTB M Dec-20,2020-12,26,40.8,41.9715188172043,-2.7912233109946283,1 pre-crisis (2019-01..2021-08)
2020-11-06,FTB M Dec-20,2020-12,25,41.0,41.9715188172043,-2.314709699773998,1 pre-crisis (2019-01..2021-08)
2020-11-09,FTB M Dec-20,2020-12,22,40.55,41.9715188172043,-3.386865325020394,1 pre-crisis (2019-01..2021-08)
2020-11-10,FTB M Dec-20,2020-12,21,41.1,41.9715188172043,-2.076452894163694,1 pre-crisis (2019-01..2021-08)
2020-11-11,FTB M Dec-20,2020-12,20,41.25,41.9715188172043,-1.7190676857482323,1 pre-crisis (2019-01..2021-08)
2020-11-12,FTB M Dec-20,2020-12,19,41.85,41.9715188172043,-0.28952685208638584,1 pre-crisis (2019-01..2021-08)
2020-11-13,FTB M Dec-20,2020-12,18,41.35,41.9715188172043,-1.4808108801379283,1 pre-crisis (2019-01..2021-08)
2020-11-16,FTB M Dec-20,2020-12,15,41.9,41.9715188172043,-0.17039844928123937,1 pre-crisis (2019-01..2021-08)
2020-11-17,FTB M Dec-20,2020-12,14,42.85,41.9715188172043,2.093041204016677,1 pre-crisis (2019-01..2021-08)
2020-11-18,FTB M Dec-20,2020-12,13,41.75,41.9715188172043,-0.527783657696701,1 pre-crisis (2019-01..2021-08)
2020-11-19,FTB M Dec-20,2020-12,12,41.0,41.9715188172043,-2.314709699773998,1 pre-crisis (2019-01..2021-08)
2020-11-20,FTB M Dec-20,2020-12,11,40.35,41.9715188172043,-3.863378936241002,1 pre-crisis (2019-01..2021-08)
2020-11-23,FTB M Dec-20,2020-12,8,39.95,41.9715188172043,-4.816406158682218,1 pre-crisis (2019-01..2021-08)
2020-11-24,FTB M Dec-20,2020-12,7,42.6,41.9715188172043,1.4973991899909223,1 pre-crisis (2019-01..2021-08)
2020-11-25,FTB M Dec-20,2020-12,6,42.15,41.9715188172043,0.4252435647445374,1 pre-crisis (2019-01..2021-08)
2020-11-26,FTB M Dec-20,2020-12,5,42.75,41.9715188172043,1.8547843984063839,1 pre-crisis (2019-01..2021-08)
2020-11-27,FTB M Dec-20,2020-12,4,42.75,41.9715188172043,1.8547843984063839,1 pre-crisis (2019-01..2021-08)
2020-11-30,FTB M Dec-20,2020-12,1,42.98,41.9715188172043,2.40277505131008,1 pre-crisis (2019-01..2021-08)
2020-12-01,FTB M Jan-21,2021-01,31,47.92,60.099556451612905,-20.26563450833261,1 pre-crisis (2019-01..2021-08)
2020-12-02,FTB M Jan-21,2021-01,30,48.25,60.099556451612905,-19.7165455973925,1 pre-crisis (2019-01..2021-08)
2020-12-03,FTB M Jan-21,2021-01,29,47.2,60.099556451612905,-21.463646677656488,1 pre-crisis (2019-01..2021-08)
2020-12-04,FTB M Jan-21,2021-01,28,46.5,60.099556451612905,-22.62838073116583,1 pre-crisis (2019-01..2021-08)
2020-12-07,FTB M Jan-21,2021-01,25,48.5,60.099556451612905,-19.3005691497106,1 pre-crisis (2019-01..2021-08)
2020-12-08,FTB M Jan-21,2021-01,24,47.85,60.099556451612905,-20.382107913683544,1 pre-crisis (2019-01..2021-08)
2020-12-09,FTB M Jan-21,2021-01,23,47.2,60.099556451612905,-21.463646677656488,1 pre-crisis (2019-01..2021-08)
2020-12-10,FTB M Jan-21,2021-01,22,47.92,60.099556451612905,-20.26563450833261,1 pre-crisis (2019-01..2021-08)
2020-12-11,FTB M Jan-21,2021-01,21,49.1,60.099556451612905,-18.30222567527402,1 pre-crisis (2019-01..2021-08)
2020-12-14,FTB M Jan-21,2021-01,18,49.0,60.099556451612905,-18.46861625434679,1 pre-crisis (2019-01..2021-08)
2020-12-15,FTB M Jan-21,2021-01,17,51.0,60.099556451612905,-15.14080467289155,1 pre-crisis (2019-01..2021-08)
2020-12-16,FTB M Jan-21,2021-01,16,54.5,60.099556451612905,-9.317134405344895,1 pre-crisis (2019-01..2021-08)
2020-12-17,FTB M Jan-21,2021-01,15,54.3,60.099556451612905,-9.64991556349043,1 pre-crisis (2019-01..2021-08)
2020-12-18,FTB M Jan-21,2021-01,14,53.55,60.099556451612905,-10.897844906536136,1 pre-crisis (2019-01..2021-08)
2020-12-21,FTB M Jan-21,2021-01,11,52.25,60.099556451612905,-13.060922434482036,1 pre-crisis (2019-01..2021-08)
2020-12-22,FTB M Jan-21,2021-01,10,52.58,60.099556451612905,-12.511833523541927,1 pre-crisis (2019-01..2021-08)
2020-12-23,FTB M Jan-21,2021-01,9,55.7,60.099556451612905,-7.320447456471757,1 pre-crisis (2019-01..2021-08)
2020-12-24,FTB M Jan-21,2021-01,8,55.39,60.099556451612905,-7.836258251597316,1 pre-crisis (2019-01..2021-08)
2020-12-25,FTB M Jan-21,2021-01,7,54.65,60.099556451612905,-9.067548536735758,1 pre-crisis (2019-01..2021-08)
2020-12-28,FTB M Jan-21,2021-01,4,54.65,60.099556451612905,-9.067548536735758,1 pre-crisis (2019-01..2021-08)
2020-12-29,FTB M Jan-21,2021-01,3,58.35,60.099556451612905,-2.91109711104357,1 pre-crisis (2019-01..2021-08)
2020-12-30,FTB M Jan-21,2021-01,2,55.0,60.099556451612905,-8.485181509981087,1 pre-crisis (2019-01..2021-08)
2020-12-31,FTB M Jan-21,2021-01,1,56.0,60.099556451612905,-6.821275719253473,1 pre-crisis (2019-01..2021-08)
2021-01-01,FTB M Feb-21,2021-02,31,54.68,28.542514880952382,91.57386876406697,1 pre-crisis (2019-01..2021-08)
2021-01-04,FTB M Feb-21,2021-02,28,54.68,28.542514880952382,91.57386876406697,1 pre-crisis (2019-01..2021-08)
2021-01-05,FTB M Feb-21,2021-02,27,56.3,28.542514880952382,97.24961249848153,1 pre-crisis (2019-01..2021-08)
2021-01-06,FTB M Feb-21,2021-02,26,55.3,28.542514880952382,93.7460669834108,1 pre-crisis (2019-01..2021-08)
2021-01-07,FTB M Feb-21,2021-02,25,57.25,28.542514880952382,100.57798073779871,1 pre-crisis (2019-01..2021-08)
2021-01-08,FTB M Feb-21,2021-02,24,63.35,28.542514880952382,121.94960837973011,1 pre-crisis (2019-01..2021-08)
2021-01-11,FTB M Feb-21,2021-02,21,63.0,28.542514880952382,120.72336744945535,1 pre-crisis (2019-01..2021-08)
2021-01-12,FTB M Feb-21,2021-02,20,62.0,28.542514880952382,117.21982193438465,1 pre-crisis (2019-01..2021-08)
2021-01-13,FTB M Feb-21,2021-02,19,65.0,28.542514880952382,127.7304584795968,1 pre-crisis (2019-01..2021-08)
2021-01-14,FTB M Feb-21,2021-02,18,61.05,28.542514880952382,113.89145369506744,1 pre-crisis (2019-01..2021-08)
2021-01-15,FTB M Feb-21,2021-02,17,58.75,28.542514880952382,105.83329901040482,1 pre-crisis (2019-01..2021-08)
2021-01-18,FTB M Feb-21,2021-02,14,53.75,28.542514880952382,88.3155714350512,1 pre-crisis (2019-01..2021-08)
2021-01-19,FTB M Feb-21,2021-02,13,50.5,28.542514880952382,76.92904851107136,1 pre-crisis (2019-01..2021-08)
2021-01-20,FTB M Feb-21,2021-02,12,52.2,28.542514880952382,82.88507588669158,1 pre-crisis (2019-01..2021-08)
2021-01-21,FTB M Feb-21,2021-02,11,52.0,28.542514880952382,82.18436678367745,1 pre-crisis (2019-01..2021-08)
2021-01-22,FTB M Feb-21,2021-02,10,53.5,28.542514880952382,87.43968505628352,1 pre-crisis (2019-01..2021-08)
2021-01-25,FTB M Feb-21,2021-02,7,54.5,28.542514880952382,90.94323057135423,1 pre-crisis (2019-01..2021-08)
2021-01-26,FTB M Feb-21,2021-02,6,54.38,28.542514880952382,90.52280510954576,1 pre-crisis (2019-01..2021-08)
2021-01-27,FTB M Feb-21,2021-02,5,52.3,28.542514880952382,83.23543043819863,1 pre-crisis (2019-01..2021-08)
2021-01-28,FTB M Feb-21,2021-02,4,52.4,28.542514880952382,83.58578498970573,1 pre-crisis (2019-01..2021-08)
2021-01-29,FTB M Feb-21,2021-02,3,54.0,28.542514880952382,89.19145781381887,1 pre-crisis (2019-01..2021-08)
2021-02-01,FTB M Mar-21,2021-03,28,46.5,45.480873655913975,2.240780051404112,1 pre-crisis (2019-01..2021-08)
2021-02-02,FTB M Mar-21,2021-03,27,43.25,45.480873655913975,-4.905080919930594,1 pre-crisis (2019-01..2021-08)
2021-02-03,FTB M Mar-21,2021-03,26,43.8,45.480873655913975,-3.6957813709354914,1 pre-crisis (2019-01..2021-08)
2021-02-04,FTB M Mar-21,2021-03,25,43.75,45.480873655913975,-3.8057176935714088,1 pre-crisis (2019-01..2021-08)
2021-02-05,FTB M Mar-21,2021-03,24,44.75,45.480873655913975,-1.6069912408530396,1 pre-crisis (2019-01..2021-08)
2021-02-08,FTB M Mar-21,2021-03,21,45.4,45.480873655913975,-0.17781904658610292,1 pre-crisis (2019-01..2021-08)
2021-02-09,FTB M Mar-21,2021-03,20,45.0,45.480873655913975,-1.0573096276734417,1 pre-crisis (2019-01..2021-08)
2021-02-10,FTB M Mar-21,2021-03,19,44.5,45.480873655913975,-2.1566728540326263,1 pre-crisis (2019-01..2021-08)
2021-02-11,FTB M Mar-21,2021-03,18,44.6,45.480873655913975,-1.9368002087607916,1 pre-crisis (2019-01..2021-08)
2021-02-12,FTB M Mar-21,2021-03,17,43.7,45.480873655913975,-3.915654016207315,1 pre-crisis (2019-01..2021-08)
2021-02-15,FTB M Mar-21,2021-03,14,42.58,45.480873655913975,-6.378227643251899,1 pre-crisis (2019-01..2021-08)
2021-02-16,FTB M Mar-21,2021-03,13,38.85,45.480873655913975,-14.57947731189141,1 pre-crisis (2019-01..2021-08)
2021-02-17,FTB M Mar-21,2021-03,12,39.5,45.480873655913975,-13.150305117624473,1 pre-crisis (2019-01..2021-08)
2021-02-18,FTB M Mar-21,2021-03,11,37.7,45.480873655913975,-17.10801273251753,1 pre-crisis (2019-01..2021-08)
2021-02-19,FTB M Mar-21,2021-03,10,37.5,45.480873655913975,-17.54775802306121,1 pre-crisis (2019-01..2021-08)
2021-02-22,FTB M Mar-21,2021-03,7,36.9,45.480873655913975,-18.86699389469223,1 pre-crisis (2019-01..2021-08)
2021-02-23,FTB M Mar-21,2021-03,6,40.3,45.480873655913975,-11.391323955449783,1 pre-crisis (2019-01..2021-08)
2021-02-24,FTB M Mar-21,2021-03,5,41.15,45.480873655913975,-9.522406470639167,1 pre-crisis (2019-01..2021-08)
2021-02-25,FTB M Mar-21,2021-03,4,40.2,45.480873655913975,-11.611196600721607,1 pre-crisis (2019-01..2021-08)
2021-02-26,FTB M Mar-21,2021-03,3,40.3,45.480873655913975,-11.391323955449783,1 pre-crisis (2019-01..2021-08)
2021-03-01,FTB M Apr-21,2021-04,31,38.6,65.06147222222222,-40.671493156258634,1 pre-crisis (2019-01..2021-08)
2021-03-02,FTB M Apr-21,2021-04,30,37.9,65.06147222222222,-41.747398720782435,1 pre-crisis (2019-01..2021-08)
2021-03-03,FTB M Apr-21,2021-04,29,38.6,65.06147222222222,-40.671493156258634,1 pre-crisis (2019-01..2021-08)
2021-03-04,FTB M Apr-21,2021-04,28,39.35,65.06147222222222,-39.51873719426884,1 pre-crisis (2019-01..2021-08)
2021-03-05,FTB M Apr-21,2021-04,27,40.9,65.06147222222222,-37.13637487282326,1 pre-crisis (2019-01..2021-08)
2021-03-08,FTB M Apr-21,2021-04,24,41.2,65.06147222222222,-36.675272488027346,1 pre-crisis (2019-01..2021-08)
2021-03-09,FTB M Apr-21,2021-04,23,41.6,65.06147222222222,-36.06046930829946,1 pre-crisis (2019-01..2021-08)
2021-03-10,FTB M Apr-21,2021-04,22,42.33,65.06147222222222,-34.93845350529606,1 pre-crisis (2019-01..2021-08)
2021-03-11,FTB M Apr-21,2021-04,21,43.5,65.06147222222222,-33.14015420459198,1 pre-crisis (2019-01..2021-08)
2021-03-12,FTB M Apr-21,2021-04,20,43.64,65.06147222222222,-32.924973091687214,1 pre-crisis (2019-01..2021-08)
2021-03-15,FTB M Apr-21,2021-04,17,43.71,65.06147222222222,-32.81738253523484,1 pre-crisis (2019-01..2021-08)
2021-03-16,FTB M Apr-21,2021-04,16,43.71,65.06147222222222,-32.81738253523484,1 pre-crisis (2019-01..2021-08)
2021-03-17,FTB M Apr-21,2021-04,15,42.65,65.06147222222222,-34.44661096151375,1 pre-crisis (2019-01..2021-08)
2021-03-18,FTB M Apr-21,2021-04,14,42.9,65.06147222222222,-34.062358974183816,1 pre-crisis (2019-01..2021-08)
2021-03-19,FTB M Apr-21,2021-04,13,42.69,65.06147222222222,-34.38513064354096,1 pre-crisis (2019-01..2021-08)
2021-03-22,FTB M Apr-21,2021-04,10,42.5,65.06147222222222,-34.6771621539117,1 pre-crisis (2019-01..2021-08)
2021-03-23,FTB M Apr-21,2021-04,9,42.84,65.06147222222222,-34.15457945114299,1 pre-crisis (2019-01..2021-08)
2021-03-24,FTB M Apr-21,2021-04,8,42.23,65.06147222222222,-35.09215430022804,1 pre-crisis (2019-01..2021-08)
2021-03-25,FTB M Apr-21,2021-04,7,42.6,65.06147222222222,-34.52346135897974,1 pre-crisis (2019-01..2021-08)
2021-03-26,FTB M Apr-21,2021-04,6,43.1,65.06147222222222,-33.75495738431987,1 pre-crisis (2019-01..2021-08)
2021-03-29,FTB M Apr-21,2021-04,3,43.25,65.06147222222222,-33.524406191921905,1 pre-crisis (2019-01..2021-08)
2021-03-30,FTB M Apr-21,2021-04,2,45.0,65.06147222222222,-30.83464228061239,1 pre-crisis (2019-01..2021-08)
2021-03-31,FTB M Apr-21,2021-04,1,47.15,65.06147222222222,-27.530075189574987,1 pre-crisis (2019-01..2021-08)
2021-04-01,FTB M May-21,2021-05,30,51.25,67.18366935483871,-23.716580990364044,1 pre-crisis (2019-01..2021-08)
2021-04-02,FTB M May-21,2021-05,29,52.25,67.18366935483871,-22.228124034078466,1 pre-crisis (2019-01..2021-08)
2021-04-05,FTB M May-21,2021-05,26,52.25,67.18366935483871,-22.228124034078466,1 pre-crisis (2019-01..2021-08)
2021-04-06,FTB M May-21,2021-05,25,52.25,67.18366935483871,-22.228124034078466,1 pre-crisis (2019-01..2021-08)
2021-04-07,FTB M May-21,2021-05,24,54.0,67.18366935483871,-19.6233243605787,1 pre-crisis (2019-01..2021-08)
2021-04-08,FTB M May-21,2021-05,23,53.75,67.18366935483871,-19.995438599650093,1 pre-crisis (2019-01..2021-08)
2021-04-09,FTB M May-21,2021-05,22,52.65,67.18366935483871,-21.632741251564237,1 pre-crisis (2019-01..2021-08)
2021-04-12,FTB M May-21,2021-05,19,53.0,67.18366935483871,-21.11178131686429,1 pre-crisis (2019-01..2021-08)
2021-04-13,FTB M May-21,2021-05,18,55.0,67.18366935483871,-18.13486740429312,1 pre-crisis (2019-01..2021-08)
2021-04-14,FTB M May-21,2021-05,17,55.0,67.18366935483871,-18.13486740429312,1 pre-crisis (2019-01..2021-08)
2021-04-15,FTB M May-21,2021-05,16,55.0,67.18366935483871,-18.13486740429312,1 pre-crisis (2019-01..2021-08)
2021-04-16,FTB M May-21,2021-05,15,57.0,67.18366935483871,-15.157953491721965,1 pre-crisis (2019-01..2021-08)
2021-04-19,FTB M May-21,2021-05,12,59.0,67.18366935483871,-12.181039579150799,1 pre-crisis (2019-01..2021-08)
2021-04-20,FTB M May-21,2021-05,11,58.75,67.18366935483871,-12.553153818222196,1 pre-crisis (2019-01..2021-08)
2021-04-21,FTB M May-21,2021-05,10,58.45,67.18366935483871,-12.999690905107864,1 pre-crisis (2019-01..2021-08)
2021-04-22,FTB M May-21,2021-05,9,58.4,67.18366935483871,-13.074113752922155,1 pre-crisis (2019-01..2021-08)
2021-04-23,FTB M May-21,2021-05,8,59.25,67.18366935483871,-11.808925340079412,1 pre-crisis (2019-01..2021-08)
2021-04-26,FTB M May-21,2021-05,5,58.25,67.18366935483871,-13.29738229636499,1 pre-crisis (2019-01..2021-08)
2021-04-27,FTB M May-21,2021-05,4,59.75,67.18366935483871,-11.064696861936618,1 pre-crisis (2019-01..2021-08)
2021-04-28,FTB M May-21,2021-05,3,61.5,67.18366935483871,-8.45989718843686,1 pre-crisis (2019-01..2021-08)
2021-04-29,FTB M May-21,2021-05,2,62.65,67.18366935483871,-6.748171688708437,1 pre-crisis (2019-01..2021-08)
2021-04-30,FTB M May-21,2021-05,1,62.85,67.18366935483871,-6.450480297451322,1 pre-crisis (2019-01..2021-08)
2021-05-03,FTB M Jun-21,2021-06,29,70.6,83.31108333333333,-15.257373718782919,1 pre-crisis (2019-01..2021-08)
2021-05-04,FTB M Jun-21,2021-06,28,72.5,83.31108333333333,-12.97676479620058,1 pre-crisis (2019-01..2021-08)
2021-05-05,FTB M Jun-21,2021-06,27,71.15,83.31108333333333,-14.597197451719602,1 pre-crisis (2019-01..2021-08)
2021-05-06,FTB M Jun-21,2021-06,26,71.75,83.31108333333333,-13.87700516037782,1 pre-crisis (2019-01..2021-08)
2021-05-07,FTB M Jun-21,2021-06,25,74.0,83.31108333333333,-11.17628406784611,1 pre-crisis (2019-01..2021-08)
2021-05-10,FTB M Jun-21,2021-06,22,73.0,83.31108333333333,-12.37660455341576,1 pre-crisis (2019-01..2021-08)
2021-05-11,FTB M Jun-21,2021-06,21,75.25,83.31108333333333,-9.67588346088405,1 pre-crisis (2019-01..2021-08)
2021-05-12,FTB M Jun-21,2021-06,20,75.9,83.31108333333333,-8.89567514526377,1 pre-crisis (2019-01..2021-08)
2021-05-13,FTB M Jun-21,2021-06,19,78.25,83.31108333333333,-6.074922004175109,1 pre-crisis (2019-01..2021-08)
2021-05-14,FTB M Jun-21,2021-06,18,77.0,83.31108333333333,-7.575322611137169,1 pre-crisis (2019-01..2021-08)
2021-05-17,FTB M Jun-21,2021-06,15,78.5,83.31108333333333,-5.7748418827827,1 pre-crisis (2019-01..2021-08)
2021-05-18,FTB M Jun-21,2021-06,14,78.75,83.31108333333333,-5.47476176139029,1 pre-crisis (2019-01..2021-08)
2021-05-19,FTB M Jun-21,2021-06,13,77.1,83.31108333333333,-7.455290562580208,1 pre-crisis (2019-01..2021-08)
2021-05-20,FTB M Jun-21,2021-06,12,73.75,83.31108333333333,-11.47636418923852,1 pre-crisis (2019-01..2021-08)
2021-05-21,FTB M Jun-21,2021-06,11,75.5,83.31108333333333,-9.37580333949164,1 pre-crisis (2019-01..2021-08)
2021-05-24,FTB M Jun-21,2021-06,8,76.75,83.31108333333333,-7.8754027325295795,1 pre-crisis (2019-01..2021-08)
2021-05-25,FTB M Jun-21,2021-06,7,76.7,83.31108333333333,-7.935418756808055,1 pre-crisis (2019-01..2021-08)
2021-05-26,FTB M Jun-21,2021-06,6,77.9,83.31108333333333,-6.495034174124481,1 pre-crisis (2019-01..2021-08)
2021-05-27,FTB M Jun-21,2021-06,5,79.25,83.31108333333333,-4.874601518605459,1 pre-crisis (2019-01..2021-08)
2021-05-28,FTB M Jun-21,2021-06,4,78.0,83.31108333333333,-6.375002125567519,1 pre-crisis (2019-01..2021-08)
2021-05-31,FTB M Jun-21,2021-06,1,77.85,83.31108333333333,-6.555050198402979,1 pre-crisis (2019-01..2021-08)
2021-06-01,FTB M Jul-21,2021-07,30,81.48,92.36961021505377,-11.78916982511966,1 pre-crisis (2019-01..2021-08)
2021-06-02,FTB M Jul-21,2021-07,29,82.5,92.36961021505377,-10.684910537216153,1 pre-crisis (2019-01..2021-08)
2021-06-03,FTB M Jul-21,2021-07,28,81.4,92.36961021505377,-11.875778396719927,1 pre-crisis (2019-01..2021-08)
2021-06-04,FTB M Jul-21,2021-07,27,80.33,92.36961021505377,-13.034168041873617,1 pre-crisis (2019-01..2021-08)
2021-06-07,FTB M Jul-21,2021-07,24,80.5,92.36961021505377,-12.85012482722303,1 pre-crisis (2019-01..2021-08)
2021-06-08,FTB M Jul-21,2021-07,23,81.5,92.36961021505377,-11.767517682219598,1 pre-crisis (2019-01..2021-08)
2021-06-09,FTB M Jul-21,2021-07,22,84.35,92.36961021505377,-8.682087318959796,1 pre-crisis (2019-01..2021-08)
2021-06-10,FTB M Jul-21,2021-07,21,86.8,92.36961021505377,-6.029699813701361,1 pre-crisis (2019-01..2021-08)
2021-06-11,FTB M Jul-21,2021-07,20,87.85,92.36961021505377,-4.892962311447757,1 pre-crisis (2019-01..2021-08)
2021-06-14,FTB M Jul-21,2021-07,17,87.5,92.36961021505377,-5.271874812198951,1 pre-crisis (2019-01..2021-08)
2021-06-15,FTB M Jul-21,2021-07,16,89.0,92.36961021505377,-3.6479640946937897,1 pre-crisis (2019-01..2021-08)
2021-06-16,FTB M Jul-21,2021-07,15,88.0,92.36961021505377,-4.730571239697234,1 pre-crisis (2019-01..2021-08)
2021-06-17,FTB M Jul-21,2021-07,14,85.25,92.36961021505377,-7.707740888456693,1 pre-crisis (2019-01..2021-08)
2021-06-18,FTB M Jul-21,2021-07,13,84.6,92.36961021505377,-8.411435532708932,1 pre-crisis (2019-01..2021-08)
2021-06-21,FTB M Jul-21,2021-07,10,86.75,92.36961021505377,-6.083830170951532,1 pre-crisis (2019-01..2021-08)
2021-06-22,FTB M Jul-21,2021-07,9,87.8,92.36961021505377,-4.947092668697916,1 pre-crisis (2019-01..2021-08)
2021-06-23,FTB M Jul-21,2021-07,8,86.58,92.36961021505377,-6.267873385602119,1 pre-crisis (2019-01..2021-08)
2021-06-24,FTB M Jul-21,2021-07,7,86.5,92.36961021505377,-6.354481957202395,1 pre-crisis (2019-01..2021-08)
2021-06-25,FTB M Jul-21,2021-07,6,87.0,92.36961021505377,-5.813178384700668,1 pre-crisis (2019-01..2021-08)
2021-06-28,FTB M Jul-21,2021-07,3,87.85,92.36961021505377,-4.892962311447757,1 pre-crisis (2019-01..2021-08)
2021-06-29,FTB M Jul-21,2021-07,2,88.5,92.36961021505377,-4.189267667195507,1 pre-crisis (2019-01..2021-08)
2021-06-30,FTB M Jul-21,2021-07,1,90.0,92.36961021505377,-2.565356949690345,1 pre-crisis (2019-01..2021-08)
2021-07-01,FTB M Aug-21,2021-08,31,92.5,106.08122311827957,-12.802664523519525,1 pre-crisis (2019-01..2021-08)
2021-07-02,FTB M Aug-21,2021-08,30,98.75,106.08122311827957,-6.910952667000569,1 pre-crisis (2019-01..2021-08)
2021-07-05,FTB M Aug-21,2021-08,27,97.75,106.08122311827957,-7.853626564043603,1 pre-crisis (2019-01..2021-08)
2021-07-06,FTB M Aug-21,2021-08,26,100.5,106.08122311827957,-5.2612733471752655,1 pre-crisis (2019-01..2021-08)
2021-07-07,FTB M Aug-21,2021-08,25,96.0,106.08122311827957,-9.503305883868906,1 pre-crisis (2019-01..2021-08)
2021-07-08,FTB M Aug-21,2021-08,24,94.25,106.08122311827957,-11.152985203694211,1 pre-crisis (2019-01..2021-08)
2021-07-09,FTB M Aug-21,2021-08,23,91.13,106.08122311827957,-14.094127762468478,1 pre-crisis (2019-01..2021-08)
2021-07-12,FTB M Aug-21,2021-08,20,95.5,106.08122311827957,-9.974642832390423,1 pre-crisis (2019-01..2021-08)
2021-07-13,FTB M Aug-21,2021-08,19,93.7,106.08122311827957,-11.671455847067879,1 pre-crisis (2019-01..2021-08)
2021-07-14,FTB M Aug-21,2021-08,18,93.0,106.08122311827957,-12.331327574998008,1 pre-crisis (2019-01..2021-08)
2021-07-15,FTB M Aug-21,2021-08,17,93.4,106.08122311827957,-11.954258016180786,1 pre-crisis (2019-01..2021-08)
2021-07-16,FTB M Aug-21,2021-08,16,92.75,106.08122311827957,-12.56699604925876,1 pre-crisis (2019-01..2021-08)
2021-07-19,FTB M Aug-21,2021-08,13,93.0,106.08122311827957,-12.331327574998008,1 pre-crisis (2019-01..2021-08)
2021-07-20,FTB M Aug-21,2021-08,12,93.0,106.08122311827957,-12.331327574998008,1 pre-crisis (2019-01..2021-08)
2021-07-21,FTB M Aug-21,2021-08,11,91.25,106.08122311827957,-13.981006894823311,1 pre-crisis (2019-01..2021-08)
2021-07-22,FTB M Aug-21,2021-08,10,91.63,106.08122311827957,-13.622790813946962,1 pre-crisis (2019-01..2021-08)
2021-07-23,FTB M Aug-21,2021-08,9,90.1,106.08122311827957,-15.065081876422804,1 pre-crisis (2019-01..2021-08)
2021-07-26,FTB M Aug-21,2021-08,6,89.7,106.08122311827957,-15.442151435240003,1 pre-crisis (2019-01..2021-08)
2021-07-27,FTB M Aug-21,2021-08,5,92.5,106.08122311827957,-12.802664523519525,1 pre-crisis (2019-01..2021-08)
2021-07-28,FTB M Aug-21,2021-08,4,93.0,106.08122311827957,-12.331327574998008,1 pre-crisis (2019-01..2021-08)
2021-07-29,FTB M Aug-21,2021-08,3,93.75,106.08122311827957,-11.624322152215727,1 pre-crisis (2019-01..2021-08)
2021-07-30,FTB M Aug-21,2021-08,2,94.0,106.08122311827957,-11.388653677954974,1 pre-crisis (2019-01..2021-08)
2021-08-02,FTB M Sep-21,2021-09,30,100.25,156.40465277777778,-35.903441349384416,1 pre-crisis (2019-01..2021-08)
2021-08-03,FTB M Sep-21,2021-09,29,105.0,156.40465277777778,-32.86644729860711,1 pre-crisis (2019-01..2021-08)
2021-08-04,FTB M Sep-21,2021-09,28,106.0,156.40465277777778,-32.22708013002242,1 pre-crisis (2019-01..2021-08)
2021-08-05,FTB M Sep-21,2021-09,27,106.4,156.40465277777778,-31.97133326258854,1 pre-crisis (2019-01..2021-08)
2021-08-06,FTB M Sep-21,2021-09,26,106.75,156.40465277777778,-31.747554753583895,1 pre-crisis (2019-01..2021-08)
2021-08-09,FTB M Sep-21,2021-09,23,108.57,156.40465277777778,-30.58390650675976,1 pre-crisis (2019-01..2021-08)
2021-08-10,FTB M Sep-21,2021-09,22,108.75,156.40465277777778,-30.46882041641451,1 pre-crisis (2019-01..2021-08)
2021-08-11,FTB M Sep-21,2021-09,21,112.4,156.40465277777778,-28.135130251080376,1 pre-crisis (2019-01..2021-08)
2021-08-12,FTB M Sep-21,2021-09,20,113.7,156.40465277777778,-27.30395293192027,1 pre-crisis (2019-01..2021-08)
2021-08-13,FTB M Sep-21,2021-09,19,114.5,156.40465277777778,-26.79245919705252,1 pre-crisis (2019-01..2021-08)
2021-08-16,FTB M Sep-21,2021-09,16,112.0,156.40465277777778,-28.390877118514258,1 pre-crisis (2019-01..2021-08)
2021-08-17,FTB M Sep-21,2021-09,15,115.0,156.40465277777778,-26.47277561276017,1 pre-crisis (2019-01..2021-08)
2021-08-18,FTB M Sep-21,2021-09,14,115.0,156.40465277777778,-26.47277561276017,1 pre-crisis (2019-01..2021-08)
2021-08-19,FTB M Sep-21,2021-09,13,112.5,156.40465277777778,-28.071193534221905,1 pre-crisis (2019-01..2021-08)
2021-08-20,FTB M Sep-21,2021-09,12,105.0,156.40465277777778,-32.86644729860711,1 pre-crisis (2019-01..2021-08)
2021-08-23,FTB M Sep-21,2021-09,9,107.5,156.40465277777778,-31.26802937714538,1 pre-crisis (2019-01..2021-08)
2021-08-24,FTB M Sep-21,2021-09,8,106.75,156.40465277777778,-31.747554753583895,1 pre-crisis (2019-01..2021-08)
2021-08-25,FTB M Sep-21,2021-09,7,108.1,156.40465277777778,-30.88440907599457,1 pre-crisis (2019-01..2021-08)
2021-08-26,FTB M Sep-21,2021-09,6,110.0,156.40465277777778,-29.669611455683643,1 pre-crisis (2019-01..2021-08)
2021-08-27,FTB M Sep-21,2021-09,5,111.0,156.40465277777778,-29.03024428709895,1 pre-crisis (2019-01..2021-08)
2021-08-30,FTB M Sep-21,2021-09,2,113.5,156.40465277777778,-27.431826365637214,1 pre-crisis (2019-01..2021-08)
2021-08-31,FTB M Sep-21,2021-09,1,118.7,156.40465277777778,-24.107117088996798,1 pre-crisis (2019-01..2021-08)
2021-09-01,FTB M Oct-21,2021-10,30,127.25,199.67299731182797,-36.270801904538686,2 crisis (2021-09..2023-06)
2021-09-02,FTB M Oct-21,2021-10,29,130.3,199.67299731182797,-34.74330442562979,2 crisis (2021-09..2023-06)
2021-09-03,FTB M Oct-21,2021-10,28,131.0,199.67299731182797,-34.39273123374905,2 crisis (2021-09..2023-06)
2021-09-06,FTB M Oct-21,2021-10,25,130.77,199.67299731182797,-34.507919568224146,2 crisis (2021-09..2023-06)
2021-09-07,FTB M Oct-21,2021-10,24,131.85,199.67299731182797,-33.967035215036745,2 crisis (2021-09..2023-06)
2021-09-08,FTB M Oct-21,2021-10,23,133.0,199.67299731182797,-33.39109354266125,2 crisis (2021-09..2023-06)
2021-09-09,FTB M Oct-21,2021-10,22,135.0,199.67299731182797,-32.38945585157346,2 crisis (2021-09..2023-06)
2021-09-10,FTB M Oct-21,2021-10,21,135.99,199.67299731182797,-31.89364519448499,2 crisis (2021-09..2023-06)
2021-09-13,FTB M Oct-21,2021-10,18,137.75,199.67299731182797,-31.012204026327726,2 crisis (2021-09..2023-06)
2021-09-14,FTB M Oct-21,2021-10,17,147.0,199.67299731182797,-26.379629705046646,2 crisis (2021-09..2023-06)
2021-09-15,FTB M Oct-21,2021-10,16,158.05,199.67299731182797,-20.845581461786544,2 crisis (2021-09..2023-06)
2021-09-16,FTB M Oct-21,2021-10,15,172.0,199.67299731182797,-13.859158566449137,2 crisis (2021-09..2023-06)
2021-09-17,FTB M Oct-21,2021-10,14,156.3,199.67299731182797,-21.72201444148837,2 crisis (2021-09..2023-06)
2021-09-20,FTB M Oct-21,2021-10,11,160.0,199.67299731182797,-19.868984712975944,2 crisis (2021-09..2023-06)
2021-09-21,FTB M Oct-21,2021-10,10,172.5,199.67299731182797,-13.60874914367719,2 crisis (2021-09..2023-06)
2021-09-22,FTB M Oct-21,2021-10,9,171.0,199.67299731182797,-14.359977411993041,2 crisis (2021-09..2023-06)
2021-09-23,FTB M Oct-21,2021-10,8,166.0,199.67299731182797,-16.86407163971254,2 crisis (2021-09..2023-06)
2021-09-24,FTB M Oct-21,2021-10,7,165.5,199.67299731182797,-17.1144810624845,2 crisis (2021-09..2023-06)
2021-09-27,FTB M Oct-21,2021-10,4,165.75,199.67299731182797,-16.989276351098514,2 crisis (2021-09..2023-06)
2021-09-28,FTB M Oct-21,2021-10,3,175.25,199.67299731182797,-12.231497318431462,2 crisis (2021-09..2023-06)
2021-09-29,FTB M Oct-21,2021-10,2,183.55,199.67299731182797,-8.074700900417087,2 crisis (2021-09..2023-06)
2021-09-30,FTB M Oct-21,2021-10,1,188.0,199.67299731182797,-5.846057037746732,2 crisis (2021-09..2023-06)
2021-10-01,FTB M Nov-21,2021-11,31,220.75,193.7233888888889,13.951134793854102,2 crisis (2021-09..2023-06)
2021-10-04,FTB M Nov-21,2021-11,28,225.0,193.7233888888889,16.14498450109705,2 crisis (2021-09..2023-06)
2021-10-05,FTB M Nov-21,2021-11,27,234.0,193.7233888888889,20.79078388114095,2 crisis (2021-09..2023-06)
2021-10-06,FTB M Nov-21,2021-11,26,276.25,193.7233888888889,42.6002309707914,2 crisis (2021-09..2023-06)
2021-10-07,FTB M Nov-21,2021-11,25,255.0,193.7233888888889,31.630982434576673,2 crisis (2021-09..2023-06)
2021-10-08,FTB M Nov-21,2021-11,24,235.0,193.7233888888889,21.30698381225693,2 crisis (2021-09..2023-06)
2021-10-11,FTB M Nov-21,2021-11,21,205.0,193.7233888888889,5.820985878777329,2 crisis (2021-09..2023-06)
2021-10-12,FTB M Nov-21,2021-11,20,205.0,193.7233888888889,5.820985878777329,2 crisis (2021-09..2023-06)
2021-10-13,FTB M Nov-21,2021-11,19,207.0,193.7233888888889,6.853385741009288,2 crisis (2021-09..2023-06)
2021-10-14,FTB M Nov-21,2021-11,18,217.5,193.7233888888889,12.27348501772716,2 crisis (2021-09..2023-06)
2021-10-15,FTB M Nov-21,2021-11,17,235.0,193.7233888888889,21.30698381225693,2 crisis (2021-09..2023-06)
2021-10-18,FTB M Nov-21,2021-11,14,231.75,193.7233888888889,19.629334036129965,2 crisis (2021-09..2023-06)
2021-10-19,FTB M Nov-21,2021-11,13,229.0,193.7233888888889,18.20978422556101,2 crisis (2021-09..2023-06)
2021-10-20,FTB M Nov-21,2021-11,12,221.75,193.7233888888889,14.467334724970105,2 crisis (2021-09..2023-06)
2021-10-21,FTB M Nov-21,2021-11,11,225.2,193.7233888888889,16.24822448732024,2 crisis (2021-09..2023-06)
2021-10-22,FTB M Nov-21,2021-11,10,218.0,193.7233888888889,12.53158498328515,2 crisis (2021-09..2023-06)
2021-10-25,FTB M Nov-21,2021-11,7,213.45,193.7233888888889,10.182875296707405,2 crisis (2021-09..2023-06)
2021-10-26,FTB M Nov-21,2021-11,6,218.0,193.7233888888889,12.53158498328515,2 crisis (2021-09..2023-06)
2021-10-27,FTB M Nov-21,2021-11,5,215.0,193.7233888888889,10.982985189937189,2 crisis (2021-09..2023-06)
2021-10-28,FTB M Nov-21,2021-11,4,204.5,193.7233888888889,5.562885913219318,2 crisis (2021-09..2023-06)
2021-10-29,FTB M Nov-21,2021-11,3,182.5,193.7233888888889,-5.793512571332382,2 crisis (2021-09..2023-06)
2021-11-01,FTB M Dec-21,2021-12,30,168.0,238.97243279569895,-29.69900417609019,2 crisis (2021-09..2023-06)
2021-11-02,FTB M Dec-21,2021-12,29,165.0,238.97243279569895,-30.954379101517148,2 crisis (2021-09..2023-06)
2021-11-03,FTB M Dec-21,2021-12,28,166.5,238.97243279569895,-30.32669163880367,2 crisis (2021-09..2023-06)
2021-11-04,FTB M Dec-21,2021-12,27,182.25,238.97243279569895,-23.735973280312127,2 crisis (2021-09..2023-06)
2021-11-05,FTB M Dec-21,2021-12,26,179.25,238.97243279569895,-24.991348205739083,2 crisis (2021-09..2023-06)
2021-11-08,FTB M Dec-21,2021-12,23,178.6,238.97243279569895,-25.263346106248264,2 crisis (2021-09..2023-06)
2021-11-09,FTB M Dec-21,2021-12,22,185.0,238.97243279569895,-22.585212932004072,2 crisis (2021-09..2023-06)
2021-11-10,FTB M Dec-21,2021-12,21,180.0,238.97243279569895,-24.67750447438234,2 crisis (2021-09..2023-06)
2021-11-11,FTB M Dec-21,2021-12,20,171.0,238.97243279569895,-28.44362925066323,2 crisis (2021-09..2023-06)
2021-11-12,FTB M Dec-21,2021-12,19,179.15,238.97243279569895,-25.033194036586647,2 crisis (2021-09..2023-06)
2021-11-15,FTB M Dec-21,2021-12,16,184.0,238.97243279569895,-23.00367124047973,2 crisis (2021-09..2023-06)
2021-11-16,FTB M Dec-21,2021-12,15,198.0,238.97243279569895,-17.145254921820573,2 crisis (2021-09..2023-06)
2021-11-17,FTB M Dec-21,2021-12,14,220.0,238.97243279569895,-7.939172135356198,2 crisis (2021-09..2023-06)
2021-11-18,FTB M Dec-21,2021-12,13,243.0,238.97243279569895,1.685368959583844,2 crisis (2021-09..2023-06)
2021-11-19,FTB M Dec-21,2021-12,12,234.33,238.97243279569895,-1.942664574900077,2 crisis (2021-09..2023-06)
2021-11-22,FTB M Dec-21,2021-12,9,220.0,238.97243279569895,-7.939172135356198,2 crisis (2021-09..2023-06)
2021-11-23,FTB M Dec-21,2021-12,8,216.75,238.97243279569895,-9.299161637902076,2 crisis (2021-09..2023-06)
2021-11-24,FTB M Dec-21,2021-12,7,228.0,238.97243279569895,-4.591505667550965,2 crisis (2021-09..2023-06)
2021-11-25,FTB M Dec-21,2021-12,6,240.5,238.97243279569895,0.6392231883947108,2 crisis (2021-09..2023-06)
2021-11-26,FTB M Dec-21,2021-12,5,246.0,238.97243279569895,2.940743885010799,2 crisis (2021-09..2023-06)
2021-11-29,FTB M Dec-21,2021-12,2,241.0,238.97243279569895,0.848452342632533,2 crisis (2021-09..2023-06)
2021-11-30,FTB M Dec-21,2021-12,1,240.0,238.97243279569895,0.42999403415686643,2 crisis (2021-09..2023-06)
2021-12-01,FTB M Jan-22,2022-01,31,259.0,201.8016801075269,28.343827396281274,2 crisis (2021-09..2023-06)
2021-12-02,FTB M Jan-22,2022-01,30,257.0,201.8016801075269,27.35275537005517,2 crisis (2021-09..2023-06)
2021-12-03,FTB M Jan-22,2022-01,29,243.25,201.8016801075269,20.539135189750656,2 crisis (2021-09..2023-06)
2021-12-06,FTB M Jan-22,2022-01,26,240.0,201.8016801075269,18.92864314713323,2 crisis (2021-09..2023-06)
2021-12-07,FTB M Jan-22,2022-01,25,238.25,201.8016801075269,18.06145512418538,2 crisis (2021-09..2023-06)
2021-12-08,FTB M Jan-22,2022-01,24,250.02,201.8016801075269,23.893913998526052,2 crisis (2021-09..2023-06)
2021-12-09,FTB M Jan-22,2022-01,23,264.27,201.8016801075269,30.95530218538707,2 crisis (2021-09..2023-06)
2021-12-10,FTB M Jan-22,2022-01,22,260.0,201.8016801075269,28.839363409394323,2 crisis (2021-09..2023-06)
2021-12-13,FTB M Jan-22,2022-01,19,269.0,201.8016801075269,33.29918752741183,2 crisis (2021-09..2023-06)
2021-12-14,FTB M Jan-22,2022-01,18,292.0,201.8016801075269,44.696515829012085,2 crisis (2021-09..2023-06)
2021-12-15,FTB M Jan-22,2022-01,17,297.0,201.8016801075269,47.174195894577366,2 crisis (2021-09..2023-06)
2021-12-16,FTB M Jan-22,2022-01,16,294.0,201.8016801075269,45.687587855238206,2 crisis (2021-09..2023-06)
2021-12-17,FTB M Jan-22,2022-01,15,327.5,201.8016801075269,62.28804429452555,2 crisis (2021-09..2023-06)
2021-12-20,FTB M Jan-22,2022-01,12,333.0,201.8016801075269,65.01349236664736,2 crisis (2021-09..2023-06)
2021-12-21,FTB M Jan-22,2022-01,11,345.0,201.8016801075269,70.95992452400401,2 crisis (2021-09..2023-06)
2021-12-22,FTB M Jan-22,2022-01,10,408.0,201.8016801075269,102.17869335012648,2 crisis (2021-09..2023-06)
2021-12-23,FTB M Jan-22,2022-01,9,403.0,201.8016801075269,99.7010132845612,2 crisis (2021-09..2023-06)
2021-12-24,FTB M Jan-22,2022-01,8,349.0,201.8016801075269,72.94206857645624,2 crisis (2021-09..2023-06)
2021-12-27,FTB M Jan-22,2022-01,5,349.0,201.8016801075269,72.94206857645624,2 crisis (2021-09..2023-06)
2021-12-28,FTB M Jan-22,2022-01,4,268.0,201.8016801075269,32.80365151429878,2 crisis (2021-09..2023-06)
2021-12-29,FTB M Jan-22,2022-01,3,268.0,201.8016801075269,32.80365151429878,2 crisis (2021-09..2023-06)
2021-12-30,FTB M Jan-22,2022-01,2,251.0,201.8016801075269,24.37953929137684,2 crisis (2021-09..2023-06)
2021-12-31,FTB M Jan-22,2022-01,1,236.0,201.8016801075269,16.946499094681002,2 crisis (2021-09..2023-06)
2022-01-03,FTB M Feb-22,2022-02,29,218.75,200.30928571428572,9.206120535029761,2 crisis (2021-09..2023-06)
2022-01-04,FTB M Feb-22,2022-02,28,210.0,200.30928571428572,4.83787571362857,2 crisis (2021-09..2023-06)
2022-01-05,FTB M Feb-22,2022-02,27,230.0,200.30928571428572,14.822435305402703,2 crisis (2021-09..2023-06)
2022-01-06,FTB M Feb-22,2022-02,26,230.0,200.30928571428572,14.822435305402703,2 crisis (2021-09..2023-06)
2022-01-07,FTB M Feb-22,2022-02,25,227.8,200.30928571428572,13.724133750307566,2 crisis (2021-09..2023-06)
2022-01-10,FTB M Feb-22,2022-02,22,221.5,200.30928571428572,10.5789974788987,2 crisis (2021-09..2023-06)
2022-01-11,FTB M Feb-22,2022-02,21,220.5,200.30928571428572,10.079769499309998,2 crisis (2021-09..2023-06)
2022-01-12,FTB M Feb-22,2022-02,20,195.0,200.30928571428572,-2.650543980202047,2 crisis (2021-09..2023-06)
2022-01-13,FTB M Feb-22,2022-02,19,186.0,200.30928571428572,-7.143595796500413,2 crisis (2021-09..2023-06)
2022-01-14,FTB M Feb-22,2022-02,18,180.0,200.30928571428572,-10.138963674032663,2 crisis (2021-09..2023-06)
2022-01-17,FTB M Feb-22,2022-02,15,208.0,200.30928571428572,3.8394197544511455,2 crisis (2021-09..2023-06)
2022-01-18,FTB M Feb-22,2022-02,14,191.6,200.30928571428572,-4.347919110803655,2 crisis (2021-09..2023-06)
2022-01-19,FTB M Feb-22,2022-02,13,191.5,200.30928571428572,-4.397841908762523,2 crisis (2021-09..2023-06)
2022-01-20,FTB M Feb-22,2022-02,12,187.67,200.30928571428572,-6.309885070587285,2 crisis (2021-09..2023-06)
2022-01-21,FTB M Feb-22,2022-02,11,185.0,200.30928571428572,-7.642823776089125,2 crisis (2021-09..2023-06)
2022-01-24,FTB M Feb-22,2022-02,8,193.5,200.30928571428572,-3.3993859495851098,2 crisis (2021-09..2023-06)
2022-01-25,FTB M Feb-22,2022-02,7,223.0,200.30928571428572,11.32783944828175,2 crisis (2021-09..2023-06)
2022-01-26,FTB M Feb-22,2022-02,6,229.5,200.30928571428572,14.572821315608353,2 crisis (2021-09..2023-06)
2022-01-27,FTB M Feb-22,2022-02,5,223.75,200.30928571428572,11.702260432973288,2 crisis (2021-09..2023-06)
2022-01-28,FTB M Feb-22,2022-02,4,224.0,200.30928571428572,11.827067427870475,2 crisis (2021-09..2023-06)
2022-01-31,FTB M Feb-22,2022-02,1,226.0,200.30928571428572,12.825523387047877,2 crisis (2021-09..2023-06)
2022-02-01,FTB M Mar-22,2022-03,28,209.0,283.1902284946237,-26.19801851532888,2 crisis (2021-09..2023-06)
2022-02-02,FTB M Mar-22,2022-03,27,187.6,283.1902284946237,-33.75477642811339,2 crisis (2021-09..2023-06)
2022-02-03,FTB M Mar-22,2022-03,26,193.0,283.1902284946237,-31.84793097348553,2 crisis (2021-09..2023-06)
2022-02-04,FTB M Mar-22,2022-03,25,197.0,283.1902284946237,-30.435452858946366,2 crisis (2021-09..2023-06)
2022-02-07,FTB M Mar-22,2022-03,22,204.0,283.1902284946237,-27.963616158502834,2 crisis (2021-09..2023-06)
2022-02-08,FTB M Mar-22,2022-03,21,200.0,283.1902284946237,-29.376094273041996,2 crisis (2021-09..2023-06)
2022-02-09,FTB M Mar-22,2022-03,20,197.0,283.1902284946237,-30.435452858946366,2 crisis (2021-09..2023-06)
2022-02-10,FTB M Mar-22,2022-03,19,190.5,283.1902284946237,-32.7307297950725,2 crisis (2021-09..2023-06)
2022-02-11,FTB M Mar-22,2022-03,18,187.25,283.1902284946237,-33.87836826313556,2 crisis (2021-09..2023-06)
2022-02-14,FTB M Mar-22,2022-03,15,193.0,283.1902284946237,-31.84793097348553,2 crisis (2021-09..2023-06)
2022-02-15,FTB M Mar-22,2022-03,14,200.0,283.1902284946237,-29.376094273041996,2 crisis (2021-09..2023-06)
2022-02-16,FTB M Mar-22,2022-03,13,182.8,283.1902284946237,-35.44975016556038,2 crisis (2021-09..2023-06)
2022-02-17,FTB M Mar-22,2022-03,12,179.25,283.1902284946237,-36.70332449221389,2 crisis (2021-09..2023-06)
2022-02-18,FTB M Mar-22,2022-03,11,184.0,283.1902284946237,-35.026006731198635,2 crisis (2021-09..2023-06)
2022-02-21,FTB M Mar-22,2022-03,8,182.0,283.1902284946237,-35.732245788468205,2 crisis (2021-09..2023-06)
2022-02-22,FTB M Mar-22,2022-03,7,182.0,283.1902284946237,-35.732245788468205,2 crisis (2021-09..2023-06)
2022-02-23,FTB M Mar-22,2022-03,6,195.83,283.1902284946237,-30.848602707449057,2 crisis (2021-09..2023-06)
2022-02-24,FTB M Mar-22,2022-03,5,212.0,283.1902284946237,-25.138659929424513,2 crisis (2021-09..2023-06)
2022-02-25,FTB M Mar-22,2022-03,4,306.5,283.1902284946237,8.231135526563138,2 crisis (2021-09..2023-06)
2022-02-28,FTB M Mar-22,2022-03,1,225.0,283.1902284946237,-20.548106057172244,2 crisis (2021-09..2023-06)
2022-03-01,FTB M Apr-22,2022-04,31,234.67,191.51891666666668,22.530977140204158,2 crisis (2021-09..2023-06)
2022-03-02,FTB M Apr-22,2022-04,30,262.0,191.51891666666668,36.80110798454634,2 crisis (2021-09..2023-06)
2022-03-03,FTB M Apr-22,2022-04,29,333.0,191.51891666666668,73.87316396509134,2 crisis (2021-09..2023-06)
2022-03-04,FTB M Apr-22,2022-04,28,335.0,191.51891666666668,74.91744723214894,2 crisis (2021-09..2023-06)
2022-03-07,FTB M Apr-22,2022-04,25,394.0,191.51891666666668,105.72380361034833,2 crisis (2021-09..2023-06)
2022-03-08,FTB M Apr-22,2022-04,24,460.0,191.51891666666668,140.18515142324927,2 crisis (2021-09..2023-06)
2022-03-09,FTB M Apr-22,2022-04,23,440.0,191.51891666666668,129.74231875267327,2 crisis (2021-09..2023-06)
2022-03-10,FTB M Apr-22,2022-04,22,340.0,191.51891666666668,77.52815539979296,2 crisis (2021-09..2023-06)
2022-03-11,FTB M Apr-22,2022-04,21,275.0,191.51891666666668,43.58894922042078,2 crisis (2021-09..2023-06)
2022-03-14,FTB M Apr-22,2022-04,18,267.5,191.51891666666668,39.67288696895474,2 crisis (2021-09..2023-06)
2022-03-15,FTB M Apr-22,2022-04,17,242.0,191.51891666666668,26.35827531397028,2 crisis (2021-09..2023-06)
2022-03-16,FTB M Apr-22,2022-04,16,243.96,191.51891666666668,27.38167291568674,2 crisis (2021-09..2023-06)
2022-03-17,FTB M Apr-22,2022-04,15,223.0,191.51891666666668,16.437584276923033,2 crisis (2021-09..2023-06)
2022-03-18,FTB M Apr-22,2022-04,14,231.0,191.51891666666668,20.614717345153455,2 crisis (2021-09..2023-06)
2022-03-21,FTB M Apr-22,2022-04,11,220.0,191.51891666666668,14.871159376336628,2 crisis (2021-09..2023-06)
2022-03-22,FTB M Apr-22,2022-04,10,214.0,191.51891666666668,11.738309575163797,2 crisis (2021-09..2023-06)
2022-03-23,FTB M Apr-22,2022-04,9,218.5,191.51891666666668,14.087946926043404,2 crisis (2021-09..2023-06)
2022-03-24,FTB M Apr-22,2022-04,8,252.8,191.51891666666668,31.997404956081365,2 crisis (2021-09..2023-06)
2022-03-25,FTB M Apr-22,2022-04,7,251.0,191.51891666666668,31.057550015729497,2 crisis (2021-09..2023-06)
2022-03-28,FTB M Apr-22,2022-04,4,235.0,191.51891666666668,22.703283879268653,2 crisis (2021-09..2023-06)
2022-03-29,FTB M Apr-22,2022-04,3,241.5,191.51891666666668,26.097204497205873,2 crisis (2021-09..2023-06)
2022-03-30,FTB M Apr-22,2022-04,2,252.0,191.51891666666668,31.57969164925831,2 crisis (2021-09..2023-06)
2022-03-31,FTB M Apr-22,2022-04,1,263.0,191.51891666666668,37.32324961807514,2 crisis (2021-09..2023-06)
2022-04-01,FTB M May-22,2022-05,30,226.5,187.1648387096774,21.0163199249928,2 crisis (2021-09..2023-06)
2022-04-04,FTB M May-22,2022-05,27,204.0,187.1648387096774,8.994831190721996,2 crisis (2021-09..2023-06)
2022-04-05,FTB M May-22,2022-05,26,215.0,187.1648387096774,14.872003460809946,2 crisis (2021-09..2023-06)
2022-04-06,FTB M May-22,2022-05,25,246.0,187.1648387096774,31.434943494694178,2 crisis (2021-09..2023-06)
2022-04-07,FTB M May-22,2022-05,24,241.0,187.1648387096774,28.76350155374512,2 crisis (2021-09..2023-06)
2022-04-08,FTB M May-22,2022-05,23,226.0,187.1648387096774,20.749175730897896,2 crisis (2021-09..2023-06)
2022-04-11,FTB M May-22,2022-05,20,226.0,187.1648387096774,20.749175730897896,2 crisis (2021-09..2023-06)
2022-04-12,FTB M May-22,2022-05,19,215.0,187.1648387096774,14.872003460809946,2 crisis (2021-09..2023-06)
2022-04-13,FTB M May-22,2022-05,18,219.25,187.1648387096774,17.14272911061665,2 crisis (2021-09..2023-06)
2022-04-14,FTB M May-22,2022-05,17,228.0,187.1648387096774,21.817752507277532,2 crisis (2021-09..2023-06)
2022-04-15,FTB M May-22,2022-05,16,220.0,187.1648387096774,17.54344540175903,2 crisis (2021-09..2023-06)
2022-04-18,FTB M May-22,2022-05,13,220.0,187.1648387096774,17.54344540175903,2 crisis (2021-09..2023-06)
2022-04-19,FTB M May-22,2022-05,12,220.0,187.1648387096774,17.54344540175903,2 crisis (2021-09..2023-06)
2022-04-20,FTB M May-22,2022-05,11,201.67,187.1648387096774,7.749939246239723,2 crisis (2021-09..2023-06)
2022-04-21,FTB M May-22,2022-05,10,203.0,187.1648387096774,8.460542802532188,2 crisis (2021-09..2023-06)
2022-04-22,FTB M May-22,2022-05,9,208.33,187.1648387096774,11.308299911583909,2 crisis (2021-09..2023-06)
2022-04-25,FTB M May-22,2022-05,6,205.5,187.1648387096774,9.79626377300673,2 crisis (2021-09..2023-06)
2022-04-26,FTB M May-22,2022-05,5,208.0,187.1648387096774,11.131984743481249,2 crisis (2021-09..2023-06)
2022-04-27,FTB M May-22,2022-05,4,189.0,187.1648387096774,0.9805053678747955,2 crisis (2021-09..2023-06)
2022-04-28,FTB M May-22,2022-05,3,195.0,187.1648387096774,4.186235697013685,2 crisis (2021-09..2023-06)
2022-04-29,FTB M May-22,2022-05,2,183.0,187.1648387096774,-2.225224961264083,2 crisis (2021-09..2023-06)
2022-05-02,FTB M Jun-22,2022-06,30,150.0,169.43059722222222,-11.468174899211025,2 crisis (2021-09..2023-06)
2022-05-03,FTB M Jun-22,2022-06,29,150.0,169.43059722222222,-11.468174899211025,2 crisis (2021-09..2023-06)
2022-05-04,FTB M Jun-22,2022-06,28,155.75,169.43059722222222,-8.074454937014108,2 crisis (2021-09..2023-06)
2022-05-05,FTB M Jun-22,2022-06,27,162.0,169.43059722222222,-4.385628891147908,2 crisis (2021-09..2023-06)
2022-05-06,FTB M Jun-22,2022-06,26,172.0,169.43059722222222,1.5164927822380214,2 crisis (2021-09..2023-06)
2022-05-09,FTB M Jun-22,2022-06,23,168.0,169.43059722222222,-0.8443558871163437,2 crisis (2021-09..2023-06)
2022-05-10,FTB M Jun-22,2022-06,22,166.0,169.43059722222222,-2.024780221793532,2 crisis (2021-09..2023-06)
2022-05-11,FTB M Jun-22,2022-06,21,162.0,169.43059722222222,-4.385628891147908,2 crisis (2021-09..2023-06)
2022-05-12,FTB M Jun-22,2022-06,20,160.5,169.43059722222222,-5.270947142155791,2 crisis (2021-09..2023-06)
2022-05-13,FTB M Jun-22,2022-06,19,162.0,169.43059722222222,-4.385628891147908,2 crisis (2021-09..2023-06)
2022-05-16,FTB M Jun-22,2022-06,16,150.25,169.43059722222222,-11.320621857376379,2 crisis (2021-09..2023-06)
2022-05-17,FTB M Jun-22,2022-06,15,147.83,169.43059722222222,-12.748935302335763,2 crisis (2021-09..2023-06)
2022-05-18,FTB M Jun-22,2022-06,14,150.25,169.43059722222222,-11.320621857376379,2 crisis (2021-09..2023-06)
2022-05-19,FTB M Jun-22,2022-06,13,150.0,169.43059722222222,-11.468174899211025,2 crisis (2021-09..2023-06)
2022-05-20,FTB M Jun-22,2022-06,12,155.0,169.43059722222222,-8.517114062518061,2 crisis (2021-09..2023-06)
2022-05-23,FTB M Jun-22,2022-06,9,160.0,169.43059722222222,-5.566053225825096,2 crisis (2021-09..2023-06)
2022-05-24,FTB M Jun-22,2022-06,8,165.13,169.43059722222222,-2.53826480737811,2 crisis (2021-09..2023-06)
2022-05-25,FTB M Jun-22,2022-06,7,166.5,169.43059722222222,-1.7296741381242375,2 crisis (2021-09..2023-06)
2022-05-26,FTB M Jun-22,2022-06,6,166.0,169.43059722222222,-2.024780221793532,2 crisis (2021-09..2023-06)
2022-05-27,FTB M Jun-22,2022-06,5,167.75,169.43059722222222,-0.9919089289509908,2 crisis (2021-09..2023-06)
2022-05-30,FTB M Jun-22,2022-06,2,175.0,169.43059722222222,3.287129284253809,2 crisis (2021-09..2023-06)
2022-05-31,FTB M Jun-22,2022-06,1,178.0,169.43059722222222,5.057765786269575,2 crisis (2021-09..2023-06)
2022-06-01,FTB M Jul-22,2022-07,30,174.0,142.68165322580643,21.94980648607252,2 crisis (2021-09..2023-06)
2022-06-02,FTB M Jul-22,2022-07,29,180.0,142.68165322580643,26.154972226971584,2 crisis (2021-09..2023-06)
2022-06-03,FTB M Jul-22,2022-07,28,182.5,142.68165322580643,27.90712461901286,2 crisis (2021-09..2023-06)
2022-06-06,FTB M Jul-22,2022-07,25,188.0,142.68165322580643,31.76185988150364,2 crisis (2021-09..2023-06)
2022-06-07,FTB M Jul-22,2022-07,24,185.5,142.68165322580643,30.00970748946239,2 crisis (2021-09..2023-06)
2022-06-08,FTB M Jul-22,2022-07,23,177.25,142.68165322580643,24.22760459572617,2 crisis (2021-09..2023-06)
2022-06-09,FTB M Jul-22,2022-07,22,166.5,142.68165322580643,16.6933493099487,2 crisis (2021-09..2023-06)
2022-06-10,FTB M Jul-22,2022-07,21,144.0,142.68165322580643,0.9239777815772676,2 crisis (2021-09..2023-06)
2022-06-13,FTB M Jul-22,2022-07,18,143.0,142.68165322580643,0.22311682476074957,2 crisis (2021-09..2023-06)
2022-06-14,FTB M Jul-22,2022-07,17,143.0,142.68165322580643,0.22311682476074957,2 crisis (2021-09..2023-06)
2022-06-15,FTB M Jul-22,2022-07,16,150.0,142.68165322580643,5.129143522476309,2 crisis (2021-09..2023-06)
2022-06-16,FTB M Jul-22,2022-07,15,154.0,142.68165322580643,7.932587349742359,2 crisis (2021-09..2023-06)
2022-06-17,FTB M Jul-22,2022-07,14,170.56,142.68165322580643,19.538844794623735,2 crisis (2021-09..2023-06)
2022-06-20,FTB M Jul-22,2022-07,11,167.0,142.68165322580643,17.04377978835696,2 crisis (2021-09..2023-06)
2022-06-21,FTB M Jul-22,2022-07,10,165.5,142.68165322580643,15.992488353132206,2 crisis (2021-09..2023-06)
2022-06-22,FTB M Jul-22,2022-07,9,166.5,142.68165322580643,16.6933493099487,2 crisis (2021-09..2023-06)
2022-06-23,FTB M Jul-22,2022-07,8,161.5,142.68165322580643,13.189044525866178,2 crisis (2021-09..2023-06)
2022-06-24,FTB M Jul-22,2022-07,7,160.0,142.68165322580643,12.1377530906414,2 crisis (2021-09..2023-06)
2022-06-27,FTB M Jul-22,2022-07,4,156.5,142.68165322580643,9.684739741783632,2 crisis (2021-09..2023-06)
2022-06-28,FTB M Jul-22,2022-07,3,152.75,142.68165322580643,7.056511153721723,2 crisis (2021-09..2023-06)
2022-06-29,FTB M Jul-22,2022-07,2,149.5,142.68165322580643,4.7787130440680725,2 crisis (2021-09..2023-06)
2022-06-30,FTB M Jul-22,2022-07,1,147.11,142.68165322580643,3.1036553572766135,2 crisis (2021-09..2023-06)
2022-07-01,FTB M Aug-22,2022-08,31,147.5,154.9902688172043,-4.832734902884994,2 crisis (2021-09..2023-06)
2022-07-04,FTB M Aug-22,2022-08,28,147.25,154.9902688172043,-4.9940353522021415,2 crisis (2021-09..2023-06)
2022-07-05,FTB M Aug-22,2022-08,27,147.5,154.9902688172043,-4.832734902884994,2 crisis (2021-09..2023-06)
2022-07-06,FTB M Aug-22,2022-08,26,148.75,154.9902688172043,-4.026232656299278,2 crisis (2021-09..2023-06)
2022-07-07,FTB M Aug-22,2022-08,25,148.5,154.9902688172043,-4.1875331056164145,2 crisis (2021-09..2023-06)
2022-07-08,FTB M Aug-22,2022-08,24,150.0,154.9902688172043,-3.2197304097135504,2 crisis (2021-09..2023-06)
2022-07-11,FTB M Aug-22,2022-08,21,162.0,154.9902688172043,4.522691157509362,2 crisis (2021-09..2023-06)
2022-07-12,FTB M Aug-22,2022-08,20,149.75,154.9902688172043,-3.381030859030698,2 crisis (2021-09..2023-06)
2022-07-13,FTB M Aug-22,2022-08,19,150.13,154.9902688172043,-3.135854176068642,2 crisis (2021-09..2023-06)
2022-07-14,FTB M Aug-22,2022-08,18,151.0,154.9902688172043,-2.5745286124449818,2 crisis (2021-09..2023-06)
2022-07-15,FTB M Aug-22,2022-08,17,150.5,154.9902688172043,-2.897129511079266,2 crisis (2021-09..2023-06)
2022-07-18,FTB M Aug-22,2022-08,14,150.0,154.9902688172043,-3.2197304097135504,2 crisis (2021-09..2023-06)
2022-07-19,FTB M Aug-22,2022-08,13,148.33,154.9902688172043,-4.297217411152065,2 crisis (2021-09..2023-06)
2022-07-20,FTB M Aug-22,2022-08,12,146.94,154.9902688172043,-5.194047909355404,2 crisis (2021-09..2023-06)
2022-07-21,FTB M Aug-22,2022-08,11,145.0,154.9902688172043,-6.445739396056438,2 crisis (2021-09..2023-06)
2022-07-22,FTB M Aug-22,2022-08,10,143.0,154.9902688172043,-7.736142990593587,2 crisis (2021-09..2023-06)
2022-07-25,FTB M Aug-22,2022-08,7,144.0,154.9902688172043,-7.090941193325007,2 crisis (2021-09..2023-06)
2022-07-26,FTB M Aug-22,2022-08,6,145.0,154.9902688172043,-6.445739396056438,2 crisis (2021-09..2023-06)
2022-07-27,FTB M Aug-22,2022-08,5,146.0,154.9902688172043,-5.800537598787859,2 crisis (2021-09..2023-06)
2022-07-28,FTB M Aug-22,2022-08,4,145.25,154.9902688172043,-6.28443894673929,2 crisis (2021-09..2023-06)
2022-07-29,FTB M Aug-22,2022-08,3,146.06,154.9902688172043,-5.761825490951744,2 crisis (2021-09..2023-06)
2022-08-01,FTB M Sep-22,2022-09,31,149.25,140.91525000000001,5.914725340231075,2 crisis (2021-09..2023-06)
2022-08-02,FTB M Sep-22,2022-09,30,150.0,140.91525000000001,6.4469601409357535,2 crisis (2021-09..2023-06)
2022-08-03,FTB M Sep-22,2022-09,29,148.25,140.91525000000001,5.205078939291519,2 crisis (2021-09..2023-06)
2022-08-04,FTB M Sep-22,2022-09,28,149.0,140.91525000000001,5.737313739996197,2 crisis (2021-09..2023-06)
2022-08-05,FTB M Sep-22,2022-09,27,148.5,140.91525000000001,5.382490539526397,2 crisis (2021-09..2023-06)
2022-08-08,FTB M Sep-22,2022-09,24,148.5,140.91525000000001,5.382490539526397,2 crisis (2021-09..2023-06)
2022-08-09,FTB M Sep-22,2022-09,23,147.0,140.91525000000001,4.31802093811704,2 crisis (2021-09..2023-06)
2022-08-10,FTB M Sep-22,2022-09,22,146.88,140.91525000000001,4.232863370004303,2 crisis (2021-09..2023-06)
2022-08-11,FTB M Sep-22,2022-09,21,148.25,140.91525000000001,5.205078939291519,2 crisis (2021-09..2023-06)
2022-08-12,FTB M Sep-22,2022-09,20,149.25,140.91525000000001,5.914725340231075,2 crisis (2021-09..2023-06)
2022-08-15,FTB M Sep-22,2022-09,17,148.75,140.91525000000001,5.559902139761297,2 crisis (2021-09..2023-06)
2022-08-16,FTB M Sep-22,2022-09,16,149.5,140.91525000000001,6.092136940465975,2 crisis (2021-09..2023-06)
2022-08-17,FTB M Sep-22,2022-09,15,150.4,140.91525000000001,6.730818701311603,2 crisis (2021-09..2023-06)
2022-08-18,FTB M Sep-22,2022-09,14,158.5,140.91525000000001,12.478954548922117,2 crisis (2021-09..2023-06)
2022-08-19,FTB M Sep-22,2022-09,13,160.0,140.91525000000001,13.543424150331473,2 crisis (2021-09..2023-06)
2022-08-22,FTB M Sep-22,2022-09,10,194.0,140.91525000000001,37.671401782276924,2 crisis (2021-09..2023-06)
2022-08-23,FTB M Sep-22,2022-09,9,211.0,140.91525000000001,49.73539059824965,2 crisis (2021-09..2023-06)
2022-08-24,FTB M Sep-22,2022-09,8,245.0,140.91525000000001,73.86336823019508,2 crisis (2021-09..2023-06)
2022-08-25,FTB M Sep-22,2022-09,7,215.0,140.91525000000001,52.57397620200792,2 crisis (2021-09..2023-06)
2022-08-26,FTB M Sep-22,2022-09,6,223.0,140.91525000000001,58.251147409524506,2 crisis (2021-09..2023-06)
2022-08-29,FTB M Sep-22,2022-09,3,225.0,140.91525000000001,59.670440211403644,2 crisis (2021-09..2023-06)
2022-08-30,FTB M Sep-22,2022-09,2,217.0,140.91525000000001,53.99326900388708,2 crisis (2021-09..2023-06)
2022-08-31,FTB M Sep-22,2022-09,1,200.0,140.91525000000001,41.92928018791435,2 crisis (2021-09..2023-06)
2022-09-01,FTB M Oct-22,2022-10,30,239.0,127.21719086021506,87.86769176707475,2 crisis (2021-09..2023-06)
2022-09-02,FTB M Oct-22,2022-10,29,225.0,127.21719086021506,76.8628897388779,2 crisis (2021-09..2023-06)
2022-09-05,FTB M Oct-22,2022-10,26,219.5,127.21719086021506,72.539574656372,2 crisis (2021-09..2023-06)
2022-09-06,FTB M Oct-22,2022-10,25,220.0,127.21719086021506,72.93260330023617,2 crisis (2021-09..2023-06)
2022-09-07,FTB M Oct-22,2022-10,24,207.5,127.21719086021506,63.10688720363184,2 crisis (2021-09..2023-06)
2022-09-08,FTB M Oct-22,2022-10,23,185.0,127.21719086021506,45.420598229744044,2 crisis (2021-09..2023-06)
2022-09-09,FTB M Oct-22,2022-10,22,173.69,127.21719086021506,36.530290305536454,2 crisis (2021-09..2023-06)
2022-09-12,FTB M Oct-22,2022-10,19,165.25,127.21719086021506,29.895966797109217,2 crisis (2021-09..2023-06)
2022-09-13,FTB M Oct-22,2022-10,18,163.5,127.21719086021506,28.520366543584608,2 crisis (2021-09..2023-06)
2022-09-14,FTB M Oct-22,2022-10,17,169.0,127.21719086021506,32.8436816260905,2 crisis (2021-09..2023-06)
2022-09-15,FTB M Oct-22,2022-10,16,169.33,127.21719086021506,33.103080531040874,2 crisis (2021-09..2023-06)
2022-09-16,FTB M Oct-22,2022-10,15,166.0,127.21719086021506,30.485509762905473,2 crisis (2021-09..2023-06)
2022-09-19,FTB M Oct-22,2022-10,12,162.0,127.21719086021506,27.34128061199208,2 crisis (2021-09..2023-06)
2022-09-20,FTB M Oct-22,2022-10,11,165.0,127.21719086021506,29.69945247517711,2 crisis (2021-09..2023-06)
2022-09-21,FTB M Oct-22,2022-10,10,157.0,127.21719086021506,23.410994173350353,2 crisis (2021-09..2023-06)
2022-09-22,FTB M Oct-22,2022-10,9,156.0,127.21719086021506,22.624936885622017,2 crisis (2021-09..2023-06)
2022-09-23,FTB M Oct-22,2022-10,8,154.0,127.21719086021506,21.05282231016532,2 crisis (2021-09..2023-06)
2022-09-26,FTB M Oct-22,2022-10,5,151.0,127.21719086021506,18.694650446980265,2 crisis (2021-09..2023-06)
2022-09-27,FTB M Oct-22,2022-10,4,149.5,127.21719086021506,17.51556451538776,2 crisis (2021-09..2023-06)
2022-09-28,FTB M Oct-22,2022-10,3,150.5,127.21719086021506,18.3016218031161,2 crisis (2021-09..2023-06)
2022-09-29,FTB M Oct-22,2022-10,2,152.0,127.21719086021506,19.480707734708623,2 crisis (2021-09..2023-06)
2022-09-30,FTB M Oct-22,2022-10,1,149.75,127.21719086021506,17.712078837319844,2 crisis (2021-09..2023-06)
2022-10-03,FTB M Nov-22,2022-11,29,151.75,115.57252777777778,31.302830281417805,2 crisis (2021-09..2023-06)
2022-10-04,FTB M Nov-22,2022-11,28,148.0,115.57252777777778,28.05811454134981,2 crisis (2021-09..2023-06)
2022-10-05,FTB M Nov-22,2022-11,27,149.0,115.57252777777778,28.923372072034613,2 crisis (2021-09..2023-06)
2022-10-06,FTB M Nov-22,2022-11,26,149.0,115.57252777777778,28.923372072034613,2 crisis (2021-09..2023-06)
2022-10-07,FTB M Nov-22,2022-11,25,147.5,115.57252777777778,27.62548577600741,2 crisis (2021-09..2023-06)
2022-10-10,FTB M Nov-22,2022-11,22,144.5,115.57252777777778,25.02971318395304,2 crisis (2021-09..2023-06)
2022-10-11,FTB M Nov-22,2022-11,21,144.0,115.57252777777778,24.59708441861064,2 crisis (2021-09..2023-06)
2022-10-12,FTB M Nov-22,2022-11,20,144.5,115.57252777777778,25.02971318395304,2 crisis (2021-09..2023-06)
2022-10-13,FTB M Nov-22,2022-11,19,140.25,115.57252777777778,21.352368678542643,2 crisis (2021-09..2023-06)
2022-10-14,FTB M Nov-22,2022-11,18,140.25,115.57252777777778,21.352368678542643,2 crisis (2021-09..2023-06)
2022-10-17,FTB M Nov-22,2022-11,15,140.5,115.57252777777778,21.568683061213846,2 crisis (2021-09..2023-06)
2022-10-18,FTB M Nov-22,2022-11,14,137.5,115.57252777777778,18.972910469159455,2 crisis (2021-09..2023-06)
2022-10-19,FTB M Nov-22,2022-11,13,138.0,115.57252777777778,19.405539234501855,2 crisis (2021-09..2023-06)
2022-10-20,FTB M Nov-22,2022-11,12,133.0,115.57252777777778,15.07925158107788,2 crisis (2021-09..2023-06)
2022-10-21,FTB M Nov-22,2022-11,11,130.75,115.57252777777778,13.132422137037093,2 crisis (2021-09..2023-06)
2022-10-24,FTB M Nov-22,2022-11,8,134.0,115.57252777777778,15.944509111762661,2 crisis (2021-09..2023-06)
2022-10-25,FTB M Nov-22,2022-11,7,138.38,115.57252777777778,19.73433709616208,2 crisis (2021-09..2023-06)
2022-10-26,FTB M Nov-22,2022-11,6,136.55,115.57252777777778,18.150915815008915,2 crisis (2021-09..2023-06)
2022-10-27,FTB M Nov-22,2022-11,5,137.44,115.57252777777778,18.920995017318365,2 crisis (2021-09..2023-06)
2022-10-28,FTB M Nov-22,2022-11,4,142.0,115.57252777777778,22.86656935724103,2 crisis (2021-09..2023-06)
2022-10-31,FTB M Nov-22,2022-11,1,147.5,115.57252777777778,27.62548577600741,2 crisis (2021-09..2023-06)
2022-11-01,FTB M Dec-22,2022-12,30,151.0,96.74908602150538,56.07382582036562,2 crisis (2021-09..2023-06)
2022-11-02,FTB M Dec-22,2022-12,29,149.5,96.74908602150538,54.523423577116944,2 crisis (2021-09..2023-06)
2022-11-03,FTB M Dec-22,2022-12,28,151.08,96.74908602150538,56.15651394000556,2 crisis (2021-09..2023-06)
2022-11-04,FTB M Dec-22,2022-12,27,151.83,96.74908602150538,56.93171506162989,2 crisis (2021-09..2023-06)
2022-11-07,FTB M Dec-22,2022-12,24,149.5,96.74908602150538,54.523423577116944,2 crisis (2021-09..2023-06)
2022-11-08,FTB M Dec-22,2022-12,23,146.33,96.74908602150538,51.246906836384774,2 crisis (2021-09..2023-06)
2022-11-09,FTB M Dec-22,2022-12,22,146.75,96.74908602150538,51.68101946449439,2 crisis (2021-09..2023-06)
2022-11-10,FTB M Dec-22,2022-12,21,145.38,96.74908602150538,50.264985415660625,2 crisis (2021-09..2023-06)
2022-11-11,FTB M Dec-22,2022-12,20,141.0,96.74908602150538,45.73781086537452,2 crisis (2021-09..2023-06)
2022-11-14,FTB M Dec-22,2022-12,17,137.88,96.74908602150538,42.512974199417286,2 crisis (2021-09..2023-06)
2022-11-15,FTB M Dec-22,2022-12,16,134.83,96.74908602150538,39.360489638145026,2 crisis (2021-09..2023-06)
2022-11-16,FTB M Dec-22,2022-12,15,138.38,96.74908602150538,43.02977494716684,2 crisis (2021-09..2023-06)
2022-11-17,FTB M Dec-22,2022-12,14,137.88,96.74908602150538,42.512974199417286,2 crisis (2021-09..2023-06)
2022-11-18,FTB M Dec-22,2022-12,13,141.5,96.74908602150538,46.25461161312408,2 crisis (2021-09..2023-06)
2022-11-21,FTB M Dec-22,2022-12,10,140.75,96.74908602150538,45.47941049149973,2 crisis (2021-09..2023-06)
2022-11-22,FTB M Dec-22,2022-12,9,152.75,96.74908602150538,57.88262843748906,2 crisis (2021-09..2023-06)
2022-11-23,FTB M Dec-22,2022-12,8,148.5,96.74908602150538,53.48982208161783,2 crisis (2021-09..2023-06)
2022-11-24,FTB M Dec-22,2022-12,7,151.0,96.74908602150538,56.07382582036562,2 crisis (2021-09..2023-06)
2022-11-25,FTB M Dec-22,2022-12,6,144.5,96.74908602150538,49.355416099621394,2 crisis (2021-09..2023-06)
2022-11-28,FTB M Dec-22,2022-12,3,144.0,96.74908602150538,48.83861535187184,2 crisis (2021-09..2023-06)
2022-11-29,FTB M Dec-22,2022-12,2,135.0,96.74908602150538,39.53620189237985,2 crisis (2021-09..2023-06)
2022-11-30,FTB M Dec-22,2022-12,1,133.0,96.74908602150538,37.468998901381646,2 crisis (2021-09..2023-06)
2022-12-01,FTB M Jan-23,2023-01,31,156.0,69.73137096774194,123.71566460691893,2 crisis (2021-09..2023-06)
2022-12-02,FTB M Jan-23,2023-01,30,152.5,69.73137096774194,118.69640290099449,2 crisis (2021-09..2023-06)
2022-12-05,FTB M Jan-23,2023-01,27,153.27,69.73137096774194,119.80064047629786,2 crisis (2021-09..2023-06)
2022-12-06,FTB M Jan-23,2023-01,26,153.13,69.73137096774194,119.59987000806089,2 crisis (2021-09..2023-06)
2022-12-07,FTB M Jan-23,2023-01,25,152.5,69.73137096774194,118.69640290099449,2 crisis (2021-09..2023-06)
2022-12-08,FTB M Jan-23,2023-01,24,152.17,69.73137096774194,118.22315822586442,2 crisis (2021-09..2023-06)
2022-12-09,FTB M Jan-23,2023-01,23,153.0,69.73137096774194,119.41344028755512,2 crisis (2021-09..2023-06)
2022-12-12,FTB M Jan-23,2023-01,20,155.0,69.73137096774194,122.28158983379767,2 crisis (2021-09..2023-06)
2022-12-13,FTB M Jan-23,2023-01,19,156.33,69.73137096774194,124.188909282049,2 crisis (2021-09..2023-06)
2022-12-14,FTB M Jan-23,2023-01,18,156.0,69.73137096774194,123.71566460691893,2 crisis (2021-09..2023-06)
2022-12-15,FTB M Jan-23,2023-01,17,154.5,69.73137096774194,121.56455244723703,2 crisis (2021-09..2023-06)
2022-12-16,FTB M Jan-23,2023-01,16,153.49,69.73137096774194,120.11613692638457,2 crisis (2021-09..2023-06)
2022-12-19,FTB M Jan-23,2023-01,13,158.0,69.73137096774194,126.58381415316148,2 crisis (2021-09..2023-06)
2022-12-20,FTB M Jan-23,2023-01,12,159.13,69.73137096774194,128.20431864678855,2 crisis (2021-09..2023-06)
2022-12-21,FTB M Jan-23,2023-01,11,152.0,69.73137096774194,117.97936551443384,2 crisis (2021-09..2023-06)
2022-12-22,FTB M Jan-23,2023-01,10,148.25,69.73137096774194,112.60158511522906,2 crisis (2021-09..2023-06)
2022-12-23,FTB M Jan-23,2023-01,9,142.75,69.73137096774194,104.71417386306206,2 crisis (2021-09..2023-06)
2022-12-26,FTB M Jan-23,2023-01,6,135.0,69.73137096774194,93.60009437137215,2 crisis (2021-09..2023-06)
2022-12-27,FTB M Jan-23,2023-01,5,135.0,69.73137096774194,93.60009437137215,2 crisis (2021-09..2023-06)
2022-12-28,FTB M Jan-23,2023-01,4,132.25,69.73137096774194,89.65638874528865,2 crisis (2021-09..2023-06)
2022-12-29,FTB M Jan-23,2023-01,3,131.75,69.73137096774194,88.93935135872802,2 crisis (2021-09..2023-06)
2022-12-30,FTB M Jan-23,2023-01,2,134.0,69.73137096774194,92.16601959825088,2 crisis (2021-09..2023-06)
2023-01-02,FTB M Feb-23,2023-02,30,149.25,133.48989583333335,11.806215045926539,2 crisis (2021-09..2023-06)
2023-01-03,FTB M Feb-23,2023-02,29,144.3,133.48989583333335,8.098069220282733,2 crisis (2021-09..2023-06)
2023-01-04,FTB M Feb-23,2023-02,28,141.45,133.48989583333335,5.96307616915448,2 crisis (2021-09..2023-06)
2023-01-05,FTB M Feb-23,2023-02,27,133.0,133.48989583333335,-0.36699094734855553,2 crisis (2021-09..2023-06)
2023-01-06,FTB M Feb-23,2023-02,26,130.67,133.48989583333335,-2.1124414066920116,2 crisis (2021-09..2023-06)
2023-01-09,FTB M Feb-23,2023-02,23,129.96,133.48989583333335,-2.64431686855201,2 crisis (2021-09..2023-06)
2023-01-10,FTB M Feb-23,2023-02,22,126.83,133.48989583333335,-4.989063622949008,2 crisis (2021-09..2023-06)
2023-01-11,FTB M Feb-23,2023-02,21,120.5,133.48989583333335,-9.730995557560163,2 crisis (2021-09..2023-06)
2023-01-12,FTB M Feb-23,2023-02,20,117.25,133.48989583333335,-12.16563675621517,2 crisis (2021-09..2023-06)
2023-01-13,FTB M Feb-23,2023-02,19,120.75,133.48989583333335,-9.543715465355929,2 crisis (2021-09..2023-06)
2023-01-16,FTB M Feb-23,2023-02,16,123.25,133.48989583333335,-7.6709145433136,2 crisis (2021-09..2023-06)
2023-01-17,FTB M Feb-23,2023-02,15,116.0,133.48989583333335,-13.10203721723633,2 crisis (2021-09..2023-06)
2023-01-18,FTB M Feb-23,2023-02,14,115.0,133.48989583333335,-13.851157586053265,2 crisis (2021-09..2023-06)
2023-01-19,FTB M Feb-23,2023-02,13,119.63,133.48989583333335,-10.382730278430884,2 crisis (2021-09..2023-06)
2023-01-20,FTB M Feb-23,2023-02,12,114.5,133.48989583333335,-14.22571777046172,2 crisis (2021-09..2023-06)
2023-01-23,FTB M Feb-23,2023-02,9,119.0,133.48989583333335,-10.854676110785554,2 crisis (2021-09..2023-06)
2023-01-24,FTB M Feb-23,2023-02,8,118.0,133.48989583333335,-11.60379647960248,2 crisis (2021-09..2023-06)
2023-01-25,FTB M Feb-23,2023-02,7,111.0,133.48989583333335,-16.847639061320972,2 crisis (2021-09..2023-06)
2023-01-26,FTB M Feb-23,2023-02,6,107.92,133.48989583333335,-19.15492979727711,2 crisis (2021-09..2023-06)
2023-01-27,FTB M Feb-23,2023-02,5,104.1,133.48989583333335,-22.016569606157788,2 crisis (2021-09..2023-06)
2023-01-30,FTB M Feb-23,2023-02,2,105.5,133.48989583333335,-20.967801089814074,2 crisis (2021-09..2023-06)
2023-01-31,FTB M Feb-23,2023-02,1,116.83,133.48989583333335,-12.480267311118286,2 crisis (2021-09..2023-06)
2023-02-01,FTB M Mar-23,2023-03,28,119.25,89.57653225806452,33.126385889161284,2 crisis (2021-09..2023-06)
2023-02-02,FTB M Mar-23,2023-03,27,117.13,89.57653225806452,30.75969458446508,2 crisis (2021-09..2023-06)
2023-02-03,FTB M Mar-23,2023-03,26,114.0,89.57653225806452,27.265475818569264,2 crisis (2021-09..2023-06)
2023-02-06,FTB M Mar-23,2023-03,23,113.5,89.57653225806452,26.707293907084306,2 crisis (2021-09..2023-06)
2023-02-07,FTB M Mar-23,2023-03,22,113.69,89.57653225806452,26.919403033448596,2 crisis (2021-09..2023-06)
2023-02-08,FTB M Mar-23,2023-03,21,110.75,89.57653225806452,23.63729339391707,2 crisis (2021-09..2023-06)
2023-02-09,FTB M Mar-23,2023-03,20,112.0,89.57653225806452,25.03274817262946,2 crisis (2021-09..2023-06)
2023-02-10,FTB M Mar-23,2023-03,19,114.0,89.57653225806452,27.265475818569264,2 crisis (2021-09..2023-06)
2023-02-13,FTB M Mar-23,2023-03,16,110.75,89.57653225806452,23.63729339391707,2 crisis (2021-09..2023-06)
2023-02-14,FTB M Mar-23,2023-03,15,110.92,89.57653225806452,23.827075243821973,2 crisis (2021-09..2023-06)
2023-02-15,FTB M Mar-23,2023-03,14,112.55,89.57653225806452,25.646748275262897,2 crisis (2021-09..2023-06)
2023-02-16,FTB M Mar-23,2023-03,13,111.5,89.57653225806452,24.474566261144503,2 crisis (2021-09..2023-06)
2023-02-17,FTB M Mar-23,2023-03,12,110.5,89.57653225806452,23.35820243817459,2 crisis (2021-09..2023-06)
2023-02-20,FTB M Mar-23,2023-03,9,105.0,89.57653225806452,17.218201411840116,2 crisis (2021-09..2023-06)
2023-02-21,FTB M Mar-23,2023-03,8,105.0,89.57653225806452,17.218201411840116,2 crisis (2021-09..2023-06)
2023-02-22,FTB M Mar-23,2023-03,7,102.0,89.57653225806452,13.869109942930402,2 crisis (2021-09..2023-06)
2023-02-23,FTB M Mar-23,2023-03,6,110.0,89.57653225806452,22.800020526689657,2 crisis (2021-09..2023-06)
2023-02-24,FTB M Mar-23,2023-03,5,111.0,89.57653225806452,23.91638434965955,2 crisis (2021-09..2023-06)
2023-02-27,FTB M Mar-23,2023-03,2,116.75,89.57653225806452,30.335476331736523,2 crisis (2021-09..2023-06)
2023-02-28,FTB M Mar-23,2023-03,1,112.5,89.57653225806452,25.590930084114415,2 crisis (2021-09..2023-06)
2023-03-01,FTB M Apr-23,2023-04,31,110.0,73.8218611111111,49.00735140561721,2 crisis (2021-09..2023-06)
2023-03-02,FTB M Apr-23,2023-04,30,108.0,73.8218611111111,46.29812683460599,2 crisis (2021-09..2023-06)
2023-03-03,FTB M Apr-23,2023-04,29,104.75,73.8218611111111,41.89563690671277,2 crisis (2021-09..2023-06)
2023-03-06,FTB M Apr-23,2023-04,26,103.75,73.8218611111111,40.54102462120714,2 crisis (2021-09..2023-06)
2023-03-07,FTB M Apr-23,2023-04,25,100.25,73.8218611111111,35.7998816219375,2 crisis (2021-09..2023-06)
2023-03-08,FTB M Apr-23,2023-04,24,107.3,73.8218611111111,45.34989823475206,2 crisis (2021-09..2023-06)
2023-03-09,FTB M Apr-23,2023-04,23,106.17,73.8218611111111,43.819186352130735,2 crisis (2021-09..2023-06)
2023-03-10,FTB M Apr-23,2023-04,22,105.0,73.8218611111111,42.23428997808916,2 crisis (2021-09..2023-06)
2023-03-13,FTB M Apr-23,2023-04,19,115.0,73.8218611111111,55.78041283314528,2 crisis (2021-09..2023-06)
2023-03-14,FTB M Apr-23,2023-04,18,109.0,73.8218611111111,47.65273912011161,2 crisis (2021-09..2023-06)
2023-03-15,FTB M Apr-23,2023-04,17,105.0,73.8218611111111,42.23428997808916,2 crisis (2021-09..2023-06)
2023-03-16,FTB M Apr-23,2023-04,16,103.0,73.8218611111111,39.52506540707794,2 crisis (2021-09..2023-06)
2023-03-17,FTB M Apr-23,2023-04,15,99.5,73.8218611111111,34.7839224078083,2 crisis (2021-09..2023-06)
2023-03-20,FTB M Apr-23,2023-04,12,99.5,73.8218611111111,34.7839224078083,2 crisis (2021-09..2023-06)
2023-03-21,FTB M Apr-23,2023-04,11,96.25,73.8218611111111,30.38143247991507,2 crisis (2021-09..2023-06)
2023-03-22,FTB M Apr-23,2023-04,10,93.5,73.8218611111111,26.656248694774632,2 crisis (2021-09..2023-06)
2023-03-23,FTB M Apr-23,2023-04,9,93.0,73.8218611111111,25.97894255202182,2 crisis (2021-09..2023-06)
2023-03-24,FTB M Apr-23,2023-04,8,95.5,73.8218611111111,29.365473265785845,2 crisis (2021-09..2023-06)
2023-03-27,FTB M Apr-23,2023-04,5,91.0,73.8218611111111,23.269717981010608,2 crisis (2021-09..2023-06)
2023-03-28,FTB M Apr-23,2023-04,4,91.75,73.8218611111111,24.28567719513981,2 crisis (2021-09..2023-06)
2023-03-29,FTB M Apr-23,2023-04,3,88.42,73.8218611111111,19.774818284406127,2 crisis (2021-09..2023-06)
2023-03-30,FTB M Apr-23,2023-04,2,82.33,73.8218611111111,11.525229465676956,2 crisis (2021-09..2023-06)
2023-03-31,FTB M Apr-23,2023-04,1,76.88,73.8218611111111,4.142592509671372,2 crisis (2021-09..2023-06)
2023-04-03,FTB M May-23,2023-05,28,108.75,74.16970430107527,46.62320825569666,2 crisis (2021-09..2023-06)
2023-04-04,FTB M May-23,2023-05,27,112.5,74.16970430107527,51.67918095416897,2 crisis (2021-09..2023-06)
2023-04-05,FTB M May-23,2023-05,26,103.0,74.16970430107527,38.87071678470582,2 crisis (2021-09..2023-06)
2023-04-06,FTB M May-23,2023-05,25,101.0,74.16970430107527,36.17419801218724,2 crisis (2021-09..2023-06)
2023-04-07,FTB M May-23,2023-05,24,102.0,74.16970430107527,37.52245739844653,2 crisis (2021-09..2023-06)
2023-04-10,FTB M May-23,2023-05,21,102.0,74.16970430107527,37.52245739844653,2 crisis (2021-09..2023-06)
2023-04-11,FTB M May-23,2023-05,20,102.0,74.16970430107527,37.52245739844653,2 crisis (2021-09..2023-06)
2023-04-12,FTB M May-23,2023-05,19,101.38,74.16970430107527,36.686536578965764,2 crisis (2021-09..2023-06)
2023-04-13,FTB M May-23,2023-05,18,96.0,74.16970430107527,29.43290108089085,2 crisis (2021-09..2023-06)
2023-04-14,FTB M May-23,2023-05,17,93.5,74.16970430107527,26.06225261524264,2 crisis (2021-09..2023-06)
2023-04-17,FTB M May-23,2023-05,14,93.0,74.16970430107527,25.38812292211301,2 crisis (2021-09..2023-06)
2023-04-18,FTB M May-23,2023-05,13,92.0,74.16970430107527,24.039863535853723,2 crisis (2021-09..2023-06)
2023-04-19,FTB M May-23,2023-05,12,96.0,74.16970430107527,29.43290108089085,2 crisis (2021-09..2023-06)
2023-04-20,FTB M May-23,2023-05,11,98.9,74.16970430107527,33.342853301042766,2 crisis (2021-09..2023-06)
2023-04-21,FTB M May-23,2023-05,10,100.75,74.16970430107527,35.837133165622426,2 crisis (2021-09..2023-06)
2023-04-24,FTB M May-23,2023-05,7,100.0,74.16970430107527,34.825938625927975,2 crisis (2021-09..2023-06)
2023-04-25,FTB M May-23,2023-05,6,98.0,74.16970430107527,32.1294198534094,2 crisis (2021-09..2023-06)
2023-04-26,FTB M May-23,2023-05,5,93.8,74.16970430107527,26.46673043112042,2 crisis (2021-09..2023-06)
2023-04-27,FTB M May-23,2023-05,4,87.0,74.16970430107527,17.29856660455733,2 crisis (2021-09..2023-06)
2023-04-28,FTB M May-23,2023-05,3,86.75,74.16970430107527,16.961501757992515,2 crisis (2021-09..2023-06)
2023-05-01,FTB M Jun-23,2023-06,31,104.25,93.05493055555556,12.03060319061844,2 crisis (2021-09..2023-06)
2023-05-02,FTB M Jun-23,2023-06,30,104.25,93.05493055555556,12.03060319061844,2 crisis (2021-09..2023-06)
2023-05-03,FTB M Jun-23,2023-06,29,100.75,93.05493055555556,8.269383898847082,2 crisis (2021-09..2023-06)
2023-05-04,FTB M Jun-23,2023-06,28,94.2,93.05493055555556,1.2305306528178184,2 crisis (2021-09..2023-06)
2023-05-05,FTB M Jun-23,2023-06,27,93.8,93.05493055555556,0.8006770194725066,2 crisis (2021-09..2023-06)
2023-05-08,FTB M Jun-23,2023-06,24,95.5,93.05493055555556,2.627554961190026,2 crisis (2021-09..2023-06)
2023-05-09,FTB M Jun-23,2023-06,23,95.5,93.05493055555556,2.627554961190026,2 crisis (2021-09..2023-06)
2023-05-10,FTB M Jun-23,2023-06,22,95.25,93.05493055555556,2.358896440349234,2 crisis (2021-09..2023-06)
2023-05-11,FTB M Jun-23,2023-06,21,94.75,93.05493055555556,1.8215793986676054,2 crisis (2021-09..2023-06)
2023-05-12,FTB M Jun-23,2023-06,20,92.75,93.05493055555556,-0.3276887680588869,2 crisis (2021-09..2023-06)
2023-05-15,FTB M Jun-23,2023-06,17,91.25,93.05493055555556,-1.9396398931037617,2 crisis (2021-09..2023-06)
2023-05-16,FTB M Jun-23,2023-06,16,87.5,93.05493055555556,-5.969517705715932,2 crisis (2021-09..2023-06)
2023-05-17,FTB M Jun-23,2023-06,15,86.25,93.05493055555556,-7.312810309919993,2 crisis (2021-09..2023-06)
2023-05-18,FTB M Jun-23,2023-06,14,87.5,93.05493055555556,-5.969517705715932,2 crisis (2021-09..2023-06)
2023-05-22,FTB M Jun-23,2023-06,10,85.75,93.05493055555556,-7.850127351601621,2 crisis (2021-09..2023-06)
2023-05-23,FTB M Jun-23,2023-06,9,84.85,93.05493055555556,-8.817298026628551,2 crisis (2021-09..2023-06)
2023-05-24,FTB M Jun-23,2023-06,8,81.97,93.05493055555556,-11.912244186714693,2 crisis (2021-09..2023-06)
2023-05-25,FTB M Jun-23,2023-06,7,81.5,93.05493055555556,-12.41732220589542,2 crisis (2021-09..2023-06)
2023-05-26,FTB M Jun-23,2023-06,6,78.9,93.05493055555556,-15.211370822639847,2 crisis (2021-09..2023-06)
2023-05-29,FTB M Jun-23,2023-06,3,78.9,93.05493055555556,-15.211370822639847,2 crisis (2021-09..2023-06)
2023-05-30,FTB M Jun-23,2023-06,2,83.0,93.05493055555556,-10.805371080850545,2 crisis (2021-09..2023-06)
2023-05-31,FTB M Jun-23,2023-06,1,80.5,93.05493055555556,-13.491956289258667,2 crisis (2021-09..2023-06)
2023-06-01,FTB M Jul-23,2023-07,30,84.95,90.46205645161291,-6.093224792608199,2 crisis (2021-09..2023-06)
2023-06-02,FTB M Jul-23,2023-07,29,79.75,90.46205645161291,-11.84149119729846,2 crisis (2021-09..2023-06)
2023-06-05,FTB M Jul-23,2023-07,26,79.5,90.46205645161291,-12.117850159062415,2 crisis (2021-09..2023-06)
2023-06-06,FTB M Jul-23,2023-07,25,86.12,90.46205645161291,-4.799864851552893,2 crisis (2021-09..2023-06)
2023-06-07,FTB M Jul-23,2023-07,24,84.5,90.46205645161291,-6.5906709237833265,2 crisis (2021-09..2023-06)
2023-06-08,FTB M Jul-23,2023-07,23,85.0,90.46205645161291,-6.037953000255413,2 crisis (2021-09..2023-06)
2023-06-09,FTB M Jul-23,2023-07,22,85.35,90.46205645161291,-5.6510504537858885,2 crisis (2021-09..2023-06)
2023-06-12,FTB M Jul-23,2023-07,19,92.2,90.46205645161291,1.9211850985464851,2 crisis (2021-09..2023-06)
2023-06-13,FTB M Jul-23,2023-07,18,92.35,90.46205645161291,2.087000475604839,2 crisis (2021-09..2023-06)
2023-06-14,FTB M Jul-23,2023-07,17,100.0,90.46205645161291,10.543584705581853,2 crisis (2021-09..2023-06)
2023-06-15,FTB M Jul-23,2023-07,16,110.0,90.46205645161291,21.597943176140056,2 crisis (2021-09..2023-06)
2023-06-16,FTB M Jul-23,2023-07,15,115.0,90.46205645161291,27.125122411419134,2 crisis (2021-09..2023-06)
2023-06-19,FTB M Jul-23,2023-07,12,107.0,90.46205645161291,18.281635634972602,2 crisis (2021-09..2023-06)
2023-06-20,FTB M Jul-23,2023-07,11,104.2,90.46205645161291,15.186415263216313,2 crisis (2021-09..2023-06)
2023-06-21,FTB M Jul-23,2023-07,10,114.13,90.46205645161291,26.16339322448058,2 crisis (2021-09..2023-06)
2023-06-22,FTB M Jul-23,2023-07,9,110.5,90.46205645161291,22.150661099667968,2 crisis (2021-09..2023-06)
2023-06-23,FTB M Jul-23,2023-07,8,105.25,90.46205645161291,16.34712290262492,2 crisis (2021-09..2023-06)
2023-06-26,FTB M Jul-23,2023-07,5,100.0,90.46205645161291,10.543584705581853,2 crisis (2021-09..2023-06)
2023-06-27,FTB M Jul-23,2023-07,4,97.0,90.46205645161291,7.227277164414403,2 crisis (2021-09..2023-06)
2023-06-28,FTB M Jul-23,2023-07,3,99.25,90.46205645161291,9.714507820289997,2 crisis (2021-09..2023-06)
2023-06-29,FTB M Jul-23,2023-07,2,100.0,90.46205645161291,10.543584705581853,2 crisis (2021-09..2023-06)
2023-06-30,FTB M Jul-23,2023-07,1,100.0,90.46205645161291,10.543584705581853,2 crisis (2021-09..2023-06)
2023-07-03,FTB M Aug-23,2023-08,29,102.5,96.09333333333333,6.6671291799639265,3 recovery (2023-07..2024-12)
2023-07-04,FTB M Aug-23,2023-08,28,100.0,96.09333333333333,4.065491882891625,3 recovery (2023-07..2024-12)
2023-07-05,FTB M Aug-23,2023-08,27,103.58,96.09333333333333,7.791036492299153,3 recovery (2023-07..2024-12)
2023-07-06,FTB M Aug-23,2023-08,26,103.75,96.09333333333333,7.967947828500077,3 recovery (2023-07..2024-12)
2023-07-07,FTB M Aug-23,2023-08,25,99.0,96.09333333333333,3.024836964062727,3 recovery (2023-07..2024-12)
2023-07-10,FTB M Aug-23,2023-08,22,99.55,96.09333333333333,3.59719716941862,3 recovery (2023-07..2024-12)
2023-07-11,FTB M Aug-23,2023-08,21,96.25,96.09333333333333,0.16303593728319576,3 recovery (2023-07..2024-12)
2023-07-12,FTB M Aug-23,2023-08,20,94.5,96.09333333333333,-1.658110170667404,3 recovery (2023-07..2024-12)
2023-07-13,FTB M Aug-23,2023-08,19,90.25,96.09333333333333,-6.080893575690305,3 recovery (2023-07..2024-12)
2023-07-14,FTB M Aug-23,2023-08,18,89.5,96.09333333333333,-6.861384764811984,3 recovery (2023-07..2024-12)
2023-07-17,FTB M Aug-23,2023-08,15,88.55,96.09333333333333,-7.850006937699461,3 recovery (2023-07..2024-12)
2023-07-18,FTB M Aug-23,2023-08,14,85.0,96.09333333333333,-11.544331899542115,3 recovery (2023-07..2024-12)
2023-07-19,FTB M Aug-23,2023-08,13,85.5,96.09333333333333,-11.024004440127655,3 recovery (2023-07..2024-12)
2023-07-20,FTB M Aug-23,2023-08,12,87.0,96.09333333333333,-9.463022061884274,3 recovery (2023-07..2024-12)
2023-07-21,FTB M Aug-23,2023-08,11,89.38,96.09333333333333,-6.986263355071465,3 recovery (2023-07..2024-12)
2023-07-24,FTB M Aug-23,2023-08,8,91.0,96.09333333333333,-5.3004023865686145,3 recovery (2023-07..2024-12)
2023-07-25,FTB M Aug-23,2023-08,7,92.0,96.09333333333333,-4.259747467739694,3 recovery (2023-07..2024-12)
2023-07-26,FTB M Aug-23,2023-08,6,93.5,96.09333333333333,-2.6987650894963244,3 recovery (2023-07..2024-12)
2023-07-27,FTB M Aug-23,2023-08,5,90.0,96.09333333333333,-6.341057305397535,3 recovery (2023-07..2024-12)
2023-07-28,FTB M Aug-23,2023-08,4,86.0,96.09333333333333,-10.503676980713195,3 recovery (2023-07..2024-12)
2023-07-31,FTB M Aug-23,2023-08,1,82.2,96.09333333333333,-14.458165672263078,3 recovery (2023-07..2024-12)
2023-08-01,FTB M Sep-23,2023-09,31,88.75,103.35858333333334,-14.13388502648144,3 recovery (2023-07..2024-12)
2023-08-02,FTB M Sep-23,2023-09,30,88.0,103.35858333333334,-14.859514167102727,3 recovery (2023-07..2024-12)
2023-08-03,FTB M Sep-23,2023-09,29,87.9,103.35858333333334,-14.956264719185553,3 recovery (2023-07..2024-12)
2023-08-04,FTB M Sep-23,2023-09,28,90.0,103.35858333333334,-12.924503125445963,3 recovery (2023-07..2024-12)
2023-08-07,FTB M Sep-23,2023-09,25,89.0,103.35858333333334,-13.892008646274345,3 recovery (2023-07..2024-12)
2023-08-08,FTB M Sep-23,2023-09,24,90.5,103.35858333333334,-12.440750365031782,3 recovery (2023-07..2024-12)
2023-08-09,FTB M Sep-23,2023-09,23,91.1,103.35858333333334,-11.860247052534756,3 recovery (2023-07..2024-12)
2023-08-10,FTB M Sep-23,2023-09,22,108.0,103.35858333333334,4.49059624946484,3 recovery (2023-07..2024-12)
2023-08-11,FTB M Sep-23,2023-09,21,105.5,103.35858333333334,2.0718324473938843,3 recovery (2023-07..2024-12)
2023-08-14,FTB M Sep-23,2023-09,18,104.0,103.35858333333334,0.6205741661513331,3 recovery (2023-07..2024-12)
2023-08-15,FTB M Sep-23,2023-09,17,98.9,103.35858333333334,-4.3137039900733924,3 recovery (2023-07..2024-12)
2023-08-16,FTB M Sep-23,2023-09,16,105.0,103.35858333333334,1.5880796869797154,3 recovery (2023-07..2024-12)
2023-08-17,FTB M Sep-23,2023-09,15,105.5,103.35858333333334,2.0718324473938843,3 recovery (2023-07..2024-12)
2023-08-18,FTB M Sep-23,2023-09,14,105.0,103.35858333333334,1.5880796869797154,3 recovery (2023-07..2024-12)
2023-08-21,FTB M Sep-23,2023-09,11,102.0,103.35858333333334,-1.3144368755054314,3 recovery (2023-07..2024-12)
2023-08-22,FTB M Sep-23,2023-09,10,110.0,103.35858333333334,6.4256072911216044,3 recovery (2023-07..2024-12)
2023-08-23,FTB M Sep-23,2023-09,9,117.0,103.35858333333334,13.198145936920236,3 recovery (2023-07..2024-12)
2023-08-24,FTB M Sep-23,2023-09,8,107.25,103.35858333333334,3.7649671088435532,3 recovery (2023-07..2024-12)
2023-08-25,FTB M Sep-23,2023-09,7,95.0,103.35858333333334,-8.086975521304074,3 recovery (2023-07..2024-12)
2023-08-28,FTB M Sep-23,2023-09,4,98.5,103.35858333333334,-4.700706198404758,3 recovery (2023-07..2024-12)
2023-08-29,FTB M Sep-23,2023-09,3,104.0,103.35858333333334,0.6205741661513331,3 recovery (2023-07..2024-12)
2023-08-30,FTB M Sep-23,2023-09,2,99.0,103.35858333333334,-4.216953437990567,3 recovery (2023-07..2024-12)
2023-08-31,FTB M Sep-23,2023-09,1,99.0,103.35858333333334,-4.216953437990567,3 recovery (2023-07..2024-12)
2023-09-01,FTB M Oct-23,2023-10,30,98.75,89.84059139784947,9.916907784696317,3 recovery (2023-07..2024-12)
2023-09-04,FTB M Oct-23,2023-10,27,99.0,89.84059139784947,10.19517843731579,3 recovery (2023-07..2024-12)
2023-09-05,FTB M Oct-23,2023-10,26,96.75,89.84059139784947,7.690742563740427,3 recovery (2023-07..2024-12)
2023-09-06,FTB M Oct-23,2023-10,25,97.0,89.84059139784947,7.969013216359921,3 recovery (2023-07..2024-12)
2023-09-07,FTB M Oct-23,2023-10,24,93.0,89.84059139784947,3.5166827744481655,3 recovery (2023-07..2024-12)
2023-09-08,FTB M Oct-23,2023-10,23,94.0,89.84059139784947,4.629765384926099,3 recovery (2023-07..2024-12)
2023-09-11,FTB M Oct-23,2023-10,20,97.0,89.84059139784947,7.969013216359921,3 recovery (2023-07..2024-12)
2023-09-12,FTB M Oct-23,2023-10,19,100.5,89.84059139784947,11.864802353032688,3 recovery (2023-07..2024-12)
2023-09-13,FTB M Oct-23,2023-10,18,97.25,89.84059139784947,8.247283868979395,3 recovery (2023-07..2024-12)
2023-09-14,FTB M Oct-23,2023-10,17,100.0,89.84059139784947,11.30826104779372,3 recovery (2023-07..2024-12)
2023-09-15,FTB M Oct-23,2023-10,16,97.1,89.84059139784947,8.080321477407715,3 recovery (2023-07..2024-12)
2023-09-18,FTB M Oct-23,2023-10,13,98.0,89.84059139784947,9.082095826837854,3 recovery (2023-07..2024-12)
2023-09-19,FTB M Oct-23,2023-10,12,96.05,89.84059139784947,6.911584736405874,3 recovery (2023-07..2024-12)
2023-09-20,FTB M Oct-23,2023-10,11,96.9,89.84059139784947,7.857704955312128,3 recovery (2023-07..2024-12)
2023-09-21,FTB M Oct-23,2023-10,10,99.5,89.84059139784947,10.751719742554755,3 recovery (2023-07..2024-12)
2023-09-22,FTB M Oct-23,2023-10,9,103.15,89.84059139784947,14.814471270799245,3 recovery (2023-07..2024-12)
2023-09-25,FTB M Oct-23,2023-10,6,105.15,89.84059139784947,17.040636491755112,3 recovery (2023-07..2024-12)
2023-09-26,FTB M Oct-23,2023-10,5,112.0,89.84059139784947,24.66525237352897,3 recovery (2023-07..2024-12)
2023-09-27,FTB M Oct-23,2023-10,4,109.25,89.84059139784947,21.60427519471464,3 recovery (2023-07..2024-12)
2023-09-28,FTB M Oct-23,2023-10,3,106.25,89.84059139784947,18.26502736328084,3 recovery (2023-07..2024-12)
2023-09-29,FTB M Oct-23,2023-10,2,107.5,89.84059139784947,19.656380626378265,3 recovery (2023-07..2024-12)
2023-10-02,FTB M Nov-23,2023-11,30,109.5,63.57086111111111,72.24872856230866,3 recovery (2023-07..2024-12)
2023-10-03,FTB M Nov-23,2023-11,29,103.08,63.57086111111111,62.149762010984254,3 recovery (2023-07..2024-12)
2023-10-04,FTB M Nov-23,2023-11,28,97.75,63.57086111111111,53.765417506535805,3 recovery (2023-07..2024-12)
2023-10-05,FTB M Nov-23,2023-11,27,101.0,63.57086111111111,58.877822692175094,3 recovery (2023-07..2024-12)
2023-10-06,FTB M Nov-23,2023-11,26,97.5,63.57086111111111,53.372155569178936,3 recovery (2023-07..2024-12)
2023-10-09,FTB M Nov-23,2023-11,23,100.0,63.57086111111111,57.30477494274761,3 recovery (2023-07..2024-12)
2023-10-10,FTB M Nov-23,2023-11,22,110.9,63.57086111111111,74.45099541150712,3 recovery (2023-07..2024-12)
2023-10-11,FTB M Nov-23,2023-11,21,120.0,63.57086111111111,88.76572993129714,3 recovery (2023-07..2024-12)
2023-10-12,FTB M Nov-23,2023-11,20,117.0,63.57086111111111,84.04658668301472,3 recovery (2023-07..2024-12)
2023-10-13,FTB M Nov-23,2023-11,19,122.0,63.57086111111111,91.9118254301521,3 recovery (2023-07..2024-12)
2023-10-16,FTB M Nov-23,2023-11,16,125.0,63.57086111111111,96.63096867843453,3 recovery (2023-07..2024-12)
2023-10-17,FTB M Nov-23,2023-11,15,113.17,63.57086111111111,78.0218138027075,3 recovery (2023-07..2024-12)
2023-10-18,FTB M Nov-23,2023-11,14,111.5,63.57086111111111,75.3948240611636,3 recovery (2023-07..2024-12)
2023-10-19,FTB M Nov-23,2023-11,13,112.0,63.57086111111111,76.18134793587734,3 recovery (2023-07..2024-12)
2023-10-20,FTB M Nov-23,2023-11,12,109.0,63.57086111111111,71.46220468759492,3 recovery (2023-07..2024-12)
2023-10-23,FTB M Nov-23,2023-11,9,105.0,63.57086111111111,65.170013689885,3 recovery (2023-07..2024-12)
2023-10-24,FTB M Nov-23,2023-11,8,107.5,63.57086111111111,69.1026330634537,3 recovery (2023-07..2024-12)
2023-10-25,FTB M Nov-23,2023-11,7,101.7,63.57086111111111,59.97895611677435,3 recovery (2023-07..2024-12)
2023-10-26,FTB M Nov-23,2023-11,6,99.8,63.57086111111111,56.990165392862124,3 recovery (2023-07..2024-12)
2023-10-27,FTB M Nov-23,2023-11,5,96.0,63.57086111111111,51.01258394503772,3 recovery (2023-07..2024-12)
2023-10-30,FTB M Nov-23,2023-11,2,87.85,63.57086111111111,38.19224478720378,3 recovery (2023-07..2024-12)
2023-10-31,FTB M Nov-23,2023-11,1,84.0,63.57086111111111,32.13601095190801,3 recovery (2023-07..2024-12)
2023-11-01,FTB M Dec-23,2023-12,30,99.75,72.11541666666666,38.31993852447177,3 recovery (2023-07..2024-12)
2023-11-02,FTB M Dec-23,2023-12,29,96.6,72.11541666666666,33.95194046580423,3 recovery (2023-07..2024-12)
2023-11-03,FTB M Dec-23,2023-12,28,97.94,72.11541666666666,35.8100729733009,3 recovery (2023-07..2024-12)
2023-11-06,FTB M Dec-23,2023-12,25,96.2,72.11541666666666,33.397274045656,3 recovery (2023-07..2024-12)
2023-11-07,FTB M Dec-23,2023-12,24,94.5,72.11541666666666,31.03994176002589,3 recovery (2023-07..2024-12)
2023-11-08,FTB M Dec-23,2023-12,23,96.0,72.11541666666666,33.11994083558185,3 recovery (2023-07..2024-12)
2023-11-09,FTB M Dec-23,2023-12,22,96.27,72.11541666666666,33.49434066918193,3 recovery (2023-07..2024-12)
2023-11-10,FTB M Dec-23,2023-12,21,102.0,72.11541666666666,41.439937137805735,3 recovery (2023-07..2024-12)
2023-11-13,FTB M Dec-23,2023-12,18,97.5,72.11541666666666,35.19993991113783,3 recovery (2023-07..2024-12)
2023-11-14,FTB M Dec-23,2023-12,17,97.38,72.11541666666666,35.033539985093356,3 recovery (2023-07..2024-12)
2023-11-15,FTB M Dec-23,2023-12,16,98.0,72.11541666666666,35.89327293632314,3 recovery (2023-07..2024-12)
2023-11-16,FTB M Dec-23,2023-12,15,96.0,72.11541666666666,33.11994083558185,3 recovery (2023-07..2024-12)
2023-11-17,FTB M Dec-23,2023-12,14,92.5,72.11541666666666,28.266609659284605,3 recovery (2023-07..2024-12)
2023-11-20,FTB M Dec-23,2023-12,11,90.5,72.11541666666666,25.493277558543316,3 recovery (2023-07..2024-12)
2023-11-21,FTB M Dec-23,2023-12,10,92.75,72.11541666666666,28.613276171877278,3 recovery (2023-07..2024-12)
2023-11-22,FTB M Dec-23,2023-12,9,90.25,72.11541666666666,25.146611045950664,3 recovery (2023-07..2024-12)
2023-11-23,FTB M Dec-23,2023-12,8,91.0,72.11541666666666,26.186610583728644,3 recovery (2023-07..2024-12)
2023-11-24,FTB M Dec-23,2023-12,7,88.9,72.11541666666666,23.274611877950303,3 recovery (2023-07..2024-12)
2023-11-27,FTB M Dec-23,2023-12,4,88.0,72.11541666666666,22.026612432616698,3 recovery (2023-07..2024-12)
2023-11-28,FTB M Dec-23,2023-12,3,83.5,72.11541666666666,15.786615205948795,3 recovery (2023-07..2024-12)
2023-11-29,FTB M Dec-23,2023-12,2,80.4,72.11541666666666,11.487950449799822,3 recovery (2023-07..2024-12)
2023-11-30,FTB M Dec-23,2023-12,1,74.3,72.11541666666666,3.029287542538883,3 recovery (2023-07..2024-12)
2023-12-01,FTB M Jan-24,2024-01,31,89.51,74.10771505376344,20.783645717672663,3 recovery (2023-07..2024-12)
2023-12-04,FTB M Jan-24,2024-01,28,91.5,74.10771505376344,23.468926188884453,3 recovery (2023-07..2024-12)
2023-12-05,FTB M Jan-24,2024-01,27,88.37,74.10771505376344,19.245344342204596,3 recovery (2023-07..2024-12)
2023-12-06,FTB M Jan-24,2024-01,26,86.13,74.10771505376344,16.22271707812697,3 recovery (2023-07..2024-12)
2023-12-07,FTB M Jan-24,2024-01,25,86.1,74.10771505376344,16.182235462983073,3 recovery (2023-07..2024-12)
2023-12-08,FTB M Jan-24,2024-01,24,87.7,74.10771505376344,18.341254937324237,3 recovery (2023-07..2024-12)
2023-12-11,FTB M Jan-24,2024-01,21,84.0,74.10771505376344,13.348522402910312,3 recovery (2023-07..2024-12)
2023-12-12,FTB M Jan-24,2024-01,20,80.25,74.10771505376344,8.288320509923253,3 recovery (2023-07..2024-12)
2023-12-13,FTB M Jan-24,2024-01,19,78.75,74.10771505376344,6.264239752728429,3 recovery (2023-07..2024-12)
2023-12-14,FTB M Jan-24,2024-01,18,80.5,74.10771505376344,8.625667302789065,3 recovery (2023-07..2024-12)
2023-12-15,FTB M Jan-24,2024-01,17,79.5,74.10771505376344,7.276280131325841,3 recovery (2023-07..2024-12)
2023-12-18,FTB M Jan-24,2024-01,14,78.05,74.10771505376344,5.319668732704175,3 recovery (2023-07..2024-12)
2023-12-19,FTB M Jan-24,2024-01,13,80.5,74.10771505376344,8.625667302789065,3 recovery (2023-07..2024-12)
2023-12-20,FTB M Jan-24,2024-01,12,76.0,74.10771505376344,2.5534250312045703,3 recovery (2023-07..2024-12)
2023-12-21,FTB M Jan-24,2024-01,11,79.75,74.10771505376344,7.613626924191652,3 recovery (2023-07..2024-12)
2023-12-22,FTB M Jan-24,2024-01,10,82.25,74.10771505376344,10.9870948528497,3 recovery (2023-07..2024-12)
2023-12-25,FTB M Jan-24,2024-01,7,80.9,74.10771505376344,9.165422171374349,3 recovery (2023-07..2024-12)
2023-12-26,FTB M Jan-24,2024-01,6,80.9,74.10771505376344,9.165422171374349,3 recovery (2023-07..2024-12)
2023-12-27,FTB M Jan-24,2024-01,5,80.9,74.10771505376344,9.165422171374349,3 recovery (2023-07..2024-12)
2023-12-28,FTB M Jan-24,2024-01,4,78.28,74.10771505376344,5.630027782140723,3 recovery (2023-07..2024-12)
2023-12-29,FTB M Jan-24,2024-01,3,76.0,74.10771505376344,2.5534250312045703,3 recovery (2023-07..2024-12)
2024-01-01,FTB M Feb-24,2024-02,31,75.25,39.902945402298855,88.58257013695226,3 recovery (2023-07..2024-12)
2024-01-02,FTB M Feb-24,2024-02,30,75.25,39.902945402298855,88.58257013695226,3 recovery (2023-07..2024-12)
2024-01-03,FTB M Feb-24,2024-02,29,74.25,39.902945402298855,86.07648947068046,3 recovery (2023-07..2024-12)
2024-01-04,FTB M Feb-24,2024-02,28,76.5,39.902945402298855,91.71517096979198,3 recovery (2023-07..2024-12)
2024-01-05,FTB M Feb-24,2024-02,27,77.0,39.902945402298855,92.96821130292787,3 recovery (2023-07..2024-12)
2024-01-08,FTB M Feb-24,2024-02,24,77.5,39.902945402298855,94.22125163606378,3 recovery (2023-07..2024-12)
2024-01-09,FTB M Feb-24,2024-02,23,72.25,39.902945402298855,81.06432813813689,3 recovery (2023-07..2024-12)
2024-01-10,FTB M Feb-24,2024-02,22,68.5,39.902945402298855,71.66652563961766,3 recovery (2023-07..2024-12)
2024-01-11,FTB M Feb-24,2024-02,21,68.3,39.902945402298855,71.1653095063633,3 recovery (2023-07..2024-12)
2024-01-12,FTB M Feb-24,2024-02,20,66.0,39.902945402298855,65.40132397393819,3 recovery (2023-07..2024-12)
2024-01-15,FTB M Feb-24,2024-02,17,66.6,39.902945402298855,66.90497237370126,3 recovery (2023-07..2024-12)
2024-01-16,FTB M Feb-24,2024-02,16,68.8,39.902945402298855,72.4183498394992,3 recovery (2023-07..2024-12)
2024-01-17,FTB M Feb-24,2024-02,15,70.2,39.902945402298855,75.92686277227972,3 recovery (2023-07..2024-12)
2024-01-18,FTB M Feb-24,2024-02,14,67.5,39.902945402298855,69.16044497334588,3 recovery (2023-07..2024-12)
2024-01-19,FTB M Feb-24,2024-02,13,67.5,39.902945402298855,69.16044497334588,3 recovery (2023-07..2024-12)
2024-01-22,FTB M Feb-24,2024-02,10,69.0,39.902945402298855,72.91956597275356,3 recovery (2023-07..2024-12)
2024-01-23,FTB M Feb-24,2024-02,9,67.64,39.902945402298855,69.51129626662392,3 recovery (2023-07..2024-12)
2024-01-24,FTB M Feb-24,2024-02,8,67.2,39.902945402298855,68.40862077346435,3 recovery (2023-07..2024-12)
2024-01-25,FTB M Feb-24,2024-02,7,68.88,39.902945402298855,72.61883629280092,3 recovery (2023-07..2024-12)
2024-01-26,FTB M Feb-24,2024-02,6,64.2,39.902945402298855,60.89037877464898,3 recovery (2023-07..2024-12)
2024-01-29,FTB M Feb-24,2024-02,3,63.0,39.902945402298855,57.88308197512282,3 recovery (2023-07..2024-12)
2024-01-30,FTB M Feb-24,2024-02,2,60.26,39.902945402298855,51.01642094953811,3 recovery (2023-07..2024-12)
2024-01-31,FTB M Feb-24,2024-02,1,59.3,39.902945402298855,48.610583509917184,3 recovery (2023-07..2024-12)
2024-02-01,FTB M Mar-24,2024-03,29,50.05,20.275967741935485,146.8439516032805,3 recovery (2023-07..2024-12)
2024-02-02,FTB M Mar-24,2024-03,28,48.2,20.275967741935485,137.7198494960664,3 recovery (2023-07..2024-12)
2024-02-05,FTB M Mar-24,2024-03,25,48.0,20.275967741935485,136.7334600790702,3 recovery (2023-07..2024-12)
2024-02-06,FTB M Mar-24,2024-03,24,44.88,20.275967741935485,121.34578517393066,3 recovery (2023-07..2024-12)
2024-02-07,FTB M Mar-24,2024-03,23,46.0,20.275967741935485,126.86956590910899,3 recovery (2023-07..2024-12)
2024-02-08,FTB M Mar-24,2024-03,22,43.75,20.275967741935485,115.77268496790256,3 recovery (2023-07..2024-12)
2024-02-09,FTB M Mar-24,2024-03,21,41.85,20.275967741935485,106.40198550643936,3 recovery (2023-07..2024-12)
2024-02-12,FTB M Mar-24,2024-03,18,39.6,20.275967741935485,95.30510456523295,3 recovery (2023-07..2024-12)
2024-02-13,FTB M Mar-24,2024-03,17,41.28,20.275967741935485,103.59077566800039,3 recovery (2023-07..2024-12)
2024-02-14,FTB M Mar-24,2024-03,16,39.5,20.275967741935485,94.81190985673489,3 recovery (2023-07..2024-12)
2024-02-15,FTB M Mar-24,2024-03,15,38.68,20.275967741935485,90.76771324705075,3 recovery (2023-07..2024-12)
2024-02-16,FTB M Mar-24,2024-03,14,39.15,20.275967741935485,93.08572837699165,3 recovery (2023-07..2024-12)
2024-02-19,FTB M Mar-24,2024-03,11,39.15,20.275967741935485,93.08572837699165,3 recovery (2023-07..2024-12)
2024-02-20,FTB M Mar-24,2024-03,10,34.8,20.275967741935485,71.63175855732591,3 recovery (2023-07..2024-12)
2024-02-21,FTB M Mar-24,2024-03,9,34.69,20.275967741935485,71.08924437797803,3 recovery (2023-07..2024-12)
2024-02-22,FTB M Mar-24,2024-03,8,33.3,20.275967741935485,64.23383792985496,3 recovery (2023-07..2024-12)
2024-02-23,FTB M Mar-24,2024-03,7,32.0,20.275967741935485,57.82230671938016,3 recovery (2023-07..2024-12)
2024-02-26,FTB M Mar-24,2024-03,4,32.75,20.275967741935485,61.52126703311562,3 recovery (2023-07..2024-12)
2024-02-27,FTB M Mar-24,2024-03,3,29.85,20.275967741935485,47.2186204866718,3 recovery (2023-07..2024-12)
2024-02-28,FTB M Mar-24,2024-03,2,26.0,20.275967741935485,28.23062420949638,3 recovery (2023-07..2024-12)
2024-02-29,FTB M Mar-24,2024-03,1,23.5,20.275967741935485,15.90075649704481,3 recovery (2023-07..2024-12)
2024-03-01,FTB M Apr-24,2024-04,31,32.4,13.766263888888888,135.35797556627466,3 recovery (2023-07..2024-12)
2024-03-04,FTB M Apr-24,2024-04,28,29.02,13.766263888888888,110.80519910287934,3 recovery (2023-07..2024-12)
2024-03-05,FTB M Apr-24,2024-04,27,28.4,13.766263888888888,106.30143537290739,3 recovery (2023-07..2024-12)
2024-03-06,FTB M Apr-24,2024-04,26,29.35,13.766263888888888,113.20236366883213,3 recovery (2023-07..2024-12)
2024-03-07,FTB M Apr-24,2024-04,25,30.0,13.766263888888888,117.92405145025428,3 recovery (2023-07..2024-12)
2024-03-08,FTB M Apr-24,2024-04,24,30.0,13.766263888888888,117.92405145025428,3 recovery (2023-07..2024-12)
2024-03-11,FTB M Apr-24,2024-04,21,28.0,13.766263888888888,103.39578135357068,3 recovery (2023-07..2024-12)
2024-03-12,FTB M Apr-24,2024-04,20,28.35,13.766263888888888,105.93822862049032,3 recovery (2023-07..2024-12)
2024-03-13,FTB M Apr-24,2024-04,19,28.65,13.766263888888888,108.11746913499287,3 recovery (2023-07..2024-12)
2024-03-14,FTB M Apr-24,2024-04,18,29.0,13.766263888888888,110.65991640191251,3 recovery (2023-07..2024-12)
2024-03-15,FTB M Apr-24,2024-04,17,29.23,13.766263888888888,112.3306674630311,3 recovery (2023-07..2024-12)
2024-03-18,FTB M Apr-24,2024-04,14,28.8,13.766263888888888,109.20708939224414,3 recovery (2023-07..2024-12)
2024-03-19,FTB M Apr-24,2024-04,13,31.3,13.766263888888888,127.36742701309866,3 recovery (2023-07..2024-12)
2024-03-20,FTB M Apr-24,2024-04,12,31.5,13.766263888888888,128.82025402276702,3 recovery (2023-07..2024-12)
2024-03-21,FTB M Apr-24,2024-04,11,29.46,13.766263888888888,114.00141852414976,3 recovery (2023-07..2024-12)
2024-03-22,FTB M Apr-24,2024-04,10,26.55,13.766263888888888,92.86278553347506,3 recovery (2023-07..2024-12)
2024-03-25,FTB M Apr-24,2024-04,7,26.4,13.766263888888888,91.77316527622379,3 recovery (2023-07..2024-12)
2024-03-26,FTB M Apr-24,2024-04,6,24.75,13.766263888888888,79.7873424464598,3 recovery (2023-07..2024-12)
2024-03-27,FTB M Apr-24,2024-04,5,23.0,13.766263888888888,67.07510611186163,3 recovery (2023-07..2024-12)
2024-03-28,FTB M Apr-24,2024-04,4,23.5,13.766263888888888,70.70717363603254,3 recovery (2023-07..2024-12)
2024-03-29,FTB M May-24,2024-05,33,32.25,30.315591397849463,6.380903399719795,3 recovery (2023-07..2024-12)
2024-04-01,FTB M May-24,2024-05,30,32.25,30.315591397849463,6.380903399719795,3 recovery (2023-07..2024-12)
2024-04-02,FTB M May-24,2024-05,29,32.25,30.315591397849463,6.380903399719795,3 recovery (2023-07..2024-12)
2024-04-03,FTB M May-24,2024-05,28,29.0,30.315591397849463,-4.339652756841117,3 recovery (2023-07..2024-12)
2024-04-04,FTB M May-24,2024-05,27,30.1,30.315591397849463,-0.7111568269281943,3 recovery (2023-07..2024-12)
2024-04-05,FTB M May-24,2024-05,26,30.75,30.315591397849463,1.4329544043839793,3 recovery (2023-07..2024-12)
2024-04-08,FTB M May-24,2024-05,23,30.75,30.315591397849463,1.4329544043839793,3 recovery (2023-07..2024-12)
2024-04-09,FTB M May-24,2024-05,22,29.3,30.315591397849463,-3.3500629577739582,3 recovery (2023-07..2024-12)
2024-04-10,FTB M May-24,2024-05,21,28.6,30.315591397849463,-5.659105822263999,3 recovery (2023-07..2024-12)
2024-04-11,FTB M May-24,2024-05,20,25.7,30.315591397849463,-15.225140546579885,3 recovery (2023-07..2024-12)
2024-04-12,FTB M May-24,2024-05,19,28.25,30.315591397849463,-6.813627254509025,3 recovery (2023-07..2024-12)
2024-04-15,FTB M May-24,2024-05,16,28.0,30.315591397849463,-7.638285420398317,3 recovery (2023-07..2024-12)
2024-04-16,FTB M May-24,2024-05,15,23.13,30.315591397849463,-23.702626491921897,3 recovery (2023-07..2024-12)
2024-04-17,FTB M May-24,2024-05,14,25.25,30.315591397849463,-16.709525245180636,3 recovery (2023-07..2024-12)
2024-04-18,FTB M May-24,2024-05,13,27.0,30.315591397849463,-10.936918083955527,3 recovery (2023-07..2024-12)
2024-04-19,FTB M May-24,2024-05,12,32.0,30.315591397849463,5.556245233830492,3 recovery (2023-07..2024-12)
2024-04-22,FTB M May-24,2024-05,9,26.85,30.315591397849463,-11.431712983489096,3 recovery (2023-07..2024-12)
2024-04-23,FTB M May-24,2024-05,8,25.3,30.315591397849463,-16.544593612002767,3 recovery (2023-07..2024-12)
2024-04-24,FTB M May-24,2024-05,7,25.5,30.315591397849463,-15.884867079291332,3 recovery (2023-07..2024-12)
2024-04-25,FTB M May-24,2024-05,6,25.0,30.315591397849463,-17.534183411069925,3 recovery (2023-07..2024-12)
2024-04-26,FTB M May-24,2024-05,5,27.25,30.315591397849463,-10.112259918066224,3 recovery (2023-07..2024-12)
2024-04-29,FTB M May-24,2024-05,2,29.0,30.315591397849463,-4.339652756841117,3 recovery (2023-07..2024-12)
2024-04-30,FTB M May-24,2024-05,1,32.55,30.315591397849463,7.3704931987869315,3 recovery (2023-07..2024-12)
2024-05-01,FTB M Jun-24,2024-06,31,49.0,56.263708333333334,-12.910113016901803,3 recovery (2023-07..2024-12)
2024-05-02,FTB M Jun-24,2024-06,30,49.0,56.263708333333334,-12.910113016901803,3 recovery (2023-07..2024-12)
2024-05-03,FTB M Jun-24,2024-06,29,51.5,56.263708333333334,-8.466751436131492,3 recovery (2023-07..2024-12)
2024-05-06,FTB M Jun-24,2024-06,26,56.0,56.263708333333334,-0.4687005907449193,3 recovery (2023-07..2024-12)
2024-05-07,FTB M Jun-24,2024-06,25,57.0,56.263708333333334,1.3086440415632117,3 recovery (2023-07..2024-12)
2024-05-08,FTB M Jun-24,2024-06,24,56.0,56.263708333333334,-0.4687005907449193,3 recovery (2023-07..2024-12)
2024-05-09,FTB M Jun-24,2024-06,23,56.25,56.263708333333334,-0.024364432667889346,3 recovery (2023-07..2024-12)
2024-05-10,FTB M Jun-24,2024-06,22,59.4,56.263708333333334,5.574271159102695,3 recovery (2023-07..2024-12)
2024-05-13,FTB M Jun-24,2024-06,19,59.0,56.263708333333334,4.8633333061794515,3 recovery (2023-07..2024-12)
2024-05-14,FTB M Jun-24,2024-06,18,52.75,56.263708333333334,-6.245070645746331,3 recovery (2023-07..2024-12)
2024-05-15,FTB M Jun-24,2024-06,17,50.75,56.263708333333334,-9.799759910362582,3 recovery (2023-07..2024-12)
2024-05-16,FTB M Jun-24,2024-06,16,47.0,56.263708333333334,-16.464802281518065,3 recovery (2023-07..2024-12)
2024-05-17,FTB M Jun-24,2024-06,15,49.01,56.263708333333334,-12.892339570578725,3 recovery (2023-07..2024-12)
2024-05-20,FTB M Jun-24,2024-06,12,47.75,56.263708333333334,-15.131793807286964,3 recovery (2023-07..2024-12)
2024-05-21,FTB M Jun-24,2024-06,11,49.75,56.263708333333334,-11.577104542670714,3 recovery (2023-07..2024-12)
2024-05-22,FTB M Jun-24,2024-06,10,51.75,56.263708333333334,-8.022415278054462,3 recovery (2023-07..2024-12)
2024-05-23,FTB M Jun-24,2024-06,9,55.4,56.263708333333334,-1.5351073701297957,3 recovery (2023-07..2024-12)
2024-05-24,FTB M Jun-24,2024-06,8,58.46,56.263708333333334,3.9035672047330605,3 recovery (2023-07..2024-12)
2024-05-27,FTB M Jun-24,2024-06,5,55.75,56.263708333333334,-0.9130367488219493,3 recovery (2023-07..2024-12)
2024-05-28,FTB M Jun-24,2024-06,4,51.0,56.263708333333334,-9.355423752285553,3 recovery (2023-07..2024-12)
2024-05-29,FTB M Jun-24,2024-06,3,48.5,56.263708333333334,-13.798785333055875,3 recovery (2023-07..2024-12)
2024-05-30,FTB M Jun-24,2024-06,2,46.9,56.263708333333334,-16.64253674474887,3 recovery (2023-07..2024-12)
2024-05-31,FTB M Jun-24,2024-06,1,44.0,56.263708333333334,-21.796836178442437,3 recovery (2023-07..2024-12)
2024-06-03,FTB M Jul-24,2024-07,28,66.11,72.4331182795699,-8.729595563129799,3 recovery (2023-07..2024-12)
2024-06-04,FTB M Jul-24,2024-07,27,74.1,72.4331182795699,2.3012701372270516,3 recovery (2023-07..2024-12)
2024-06-05,FTB M Jul-24,2024-07,26,73.25,72.4331182795699,1.1277737861252746,3 recovery (2023-07..2024-12)
2024-06-06,FTB M Jul-24,2024-07,25,72.35,72.4331182795699,-0.11475176210016258,3 recovery (2023-07..2024-12)
2024-06-07,FTB M Jul-24,2024-07,24,73.25,72.4331182795699,1.1277737861252746,3 recovery (2023-07..2024-12)
2024-06-10,FTB M Jul-24,2024-07,21,74.45,72.4331182795699,2.7844745170925167,3 recovery (2023-07..2024-12)
2024-06-11,FTB M Jul-24,2024-07,20,73.75,72.4331182795699,1.818065757361631,3 recovery (2023-07..2024-12)
2024-06-12,FTB M Jul-24,2024-07,19,73.75,72.4331182795699,1.818065757361631,3 recovery (2023-07..2024-12)
2024-06-13,FTB M Jul-24,2024-07,18,74.1,72.4331182795699,2.3012701372270516,3 recovery (2023-07..2024-12)
2024-06-14,FTB M Jul-24,2024-07,17,75.0,72.4331182795699,3.543795685452489,3 recovery (2023-07..2024-12)
2024-06-17,FTB M Jul-24,2024-07,14,74.25,72.4331182795699,2.5083577285979652,3 recovery (2023-07..2024-12)
2024-06-18,FTB M Jul-24,2024-07,13,73.75,72.4331182795699,1.818065757361631,3 recovery (2023-07..2024-12)
2024-06-19,FTB M Jul-24,2024-07,12,74.0,72.4331182795699,2.163211742979798,3 recovery (2023-07..2024-12)
2024-06-20,FTB M Jul-24,2024-07,11,76.3,72.4331182795699,5.338554810667007,3 recovery (2023-07..2024-12)
2024-06-21,FTB M Jul-24,2024-07,10,74.65,72.4331182795699,3.060591305587068,3 recovery (2023-07..2024-12)
2024-06-24,FTB M Jul-24,2024-07,7,73.7,72.4331182795699,1.7490365602379931,3 recovery (2023-07..2024-12)
2024-06-25,FTB M Jul-24,2024-07,6,70.9,72.4331182795699,-2.1165984786855607,3 recovery (2023-07..2024-12)
2024-06-26,FTB M Jul-24,2024-07,5,73.5,72.4331182795699,1.4729197717434417,3 recovery (2023-07..2024-12)
2024-06-27,FTB M Jul-24,2024-07,4,74.0,72.4331182795699,2.163211742979798,3 recovery (2023-07..2024-12)
2024-06-28,FTB M Jul-24,2024-07,3,75.9,72.4331182795699,4.786321233677948,3 recovery (2023-07..2024-12)
2024-07-01,FTB M Aug-24,2024-08,31,77.5,91.09870967741935,-14.927444884315488,3 recovery (2023-07..2024-12)
2024-07-02,FTB M Aug-24,2024-08,30,76.0,91.09870967741935,-16.574010467199695,3 recovery (2023-07..2024-12)
2024-07-03,FTB M Aug-24,2024-08,29,76.0,91.09870967741935,-16.574010467199695,3 recovery (2023-07..2024-12)
2024-07-04,FTB M Aug-24,2024-08,28,75.25,91.09870967741935,-17.39729325864181,3 recovery (2023-07..2024-12)
2024-07-05,FTB M Aug-24,2024-08,27,74.75,91.09870967741935,-17.94614845293655,3 recovery (2023-07..2024-12)
2024-07-08,FTB M Aug-24,2024-08,24,74.25,91.09870967741935,-18.49500364723129,3 recovery (2023-07..2024-12)
2024-07-09,FTB M Aug-24,2024-08,23,74.5,91.09870967741935,-18.220576050083913,3 recovery (2023-07..2024-12)
2024-07-10,FTB M Aug-24,2024-08,22,73.0,91.09870967741935,-19.86714163296813,3 recovery (2023-07..2024-12)
2024-07-11,FTB M Aug-24,2024-08,21,71.55,91.09870967741935,-21.45882169642288,3 recovery (2023-07..2024-12)
2024-07-12,FTB M Aug-24,2024-08,20,72.1,91.09870967741935,-20.85508098269867,3 recovery (2023-07..2024-12)
2024-07-15,FTB M Aug-24,2024-08,17,73.0,91.09870967741935,-19.86714163296813,3 recovery (2023-07..2024-12)
2024-07-16,FTB M Aug-24,2024-08,16,72.0,91.09870967741935,-20.96485202155761,3 recovery (2023-07..2024-12)
2024-07-17,FTB M Aug-24,2024-08,15,76.0,91.09870967741935,-16.574010467199695,3 recovery (2023-07..2024-12)
2024-07-18,FTB M Aug-24,2024-08,14,75.15,91.09870967741935,-17.50706429750075,3 recovery (2023-07..2024-12)
2024-07-19,FTB M Aug-24,2024-08,13,76.0,91.09870967741935,-16.574010467199695,3 recovery (2023-07..2024-12)
2024-07-22,FTB M Aug-24,2024-08,10,75.75,91.09870967741935,-16.84843806434707,3 recovery (2023-07..2024-12)
2024-07-23,FTB M Aug-24,2024-08,9,76.5,91.09870967741935,-16.025155272904968,3 recovery (2023-07..2024-12)
2024-07-24,FTB M Aug-24,2024-08,8,76.25,91.09870967741935,-16.299582870052333,3 recovery (2023-07..2024-12)
2024-07-25,FTB M Aug-24,2024-08,7,75.75,91.09870967741935,-16.84843806434707,3 recovery (2023-07..2024-12)
2024-07-26,FTB M Aug-24,2024-08,6,75.0,91.09870967741935,-17.671720855789175,3 recovery (2023-07..2024-12)
2024-07-29,FTB M Aug-24,2024-08,3,75.5,91.09870967741935,-17.122865661494437,3 recovery (2023-07..2024-12)
2024-07-30,FTB M Aug-24,2024-08,2,78.0,91.09870967741935,-14.37858969002075,3 recovery (2023-07..2024-12)
2024-07-31,FTB M Aug-24,2024-08,1,78.6,91.09870967741935,-13.719963456867069,3 recovery (2023-07..2024-12)
2024-08-01,FTB M Sep-24,2024-09,31,85.4,72.53790277777779,17.73155375283686,3 recovery (2023-07..2024-12)
2024-08-02,FTB M Sep-24,2024-09,30,87.5,72.53790277777779,20.626591959873842,3 recovery (2023-07..2024-12)
2024-08-05,FTB M Sep-24,2024-09,27,87.9,72.53790277777779,21.178027808833267,3 recovery (2023-07..2024-12)
2024-08-06,FTB M Sep-24,2024-09,26,86.15,72.53790277777779,18.765495969635793,3 recovery (2023-07..2024-12)
2024-08-07,FTB M Sep-24,2024-09,25,89.25,72.53790277777779,23.039123799071316,3 recovery (2023-07..2024-12)
2024-08-08,FTB M Sep-24,2024-09,24,92.9,72.53790277777779,28.070975920826058,3 recovery (2023-07..2024-12)
2024-08-09,FTB M Sep-24,2024-09,23,95.5,72.53790277777779,31.655308939062298,3 recovery (2023-07..2024-12)
2024-08-12,FTB M Sep-24,2024-09,20,95.86,72.53790277777779,32.15160120312579,3 recovery (2023-07..2024-12)
2024-08-13,FTB M Sep-24,2024-09,19,95.5,72.53790277777779,31.655308939062298,3 recovery (2023-07..2024-12)
2024-08-14,FTB M Sep-24,2024-09,18,95.6,72.53790277777779,31.793167901302155,3 recovery (2023-07..2024-12)
2024-08-15,FTB M Sep-24,2024-09,17,95.5,72.53790277777779,31.655308939062298,3 recovery (2023-07..2024-12)
2024-08-16,FTB M Sep-24,2024-09,16,96.0,72.53790277777779,32.344603750261584,3 recovery (2023-07..2024-12)
2024-08-19,FTB M Sep-24,2024-09,13,94.5,72.53790277777779,30.276719316663737,3 recovery (2023-07..2024-12)
2024-08-20,FTB M Sep-24,2024-09,12,95.41,72.53790277777779,31.531235873046427,3 recovery (2023-07..2024-12)
2024-08-21,FTB M Sep-24,2024-09,11,93.0,72.53790277777779,28.208834883065915,3 recovery (2023-07..2024-12)
2024-08-22,FTB M Sep-24,2024-09,10,88.0,72.53790277777779,21.315886771073124,3 recovery (2023-07..2024-12)
2024-08-23,FTB M Sep-24,2024-09,9,87.0,72.53790277777779,19.93729714867456,3 recovery (2023-07..2024-12)
2024-08-26,FTB M Sep-24,2024-09,6,86.85,72.53790277777779,19.730508705314765,3 recovery (2023-07..2024-12)
2024-08-27,FTB M Sep-24,2024-09,5,88.0,72.53790277777779,21.315886771073124,3 recovery (2023-07..2024-12)
2024-08-28,FTB M Sep-24,2024-09,4,92.0,72.53790277777779,26.83024526066735,3 recovery (2023-07..2024-12)
2024-08-29,FTB M Sep-24,2024-09,3,92.0,72.53790277777779,26.83024526066735,3 recovery (2023-07..2024-12)
2024-08-30,FTB M Sep-24,2024-09,2,90.15,72.53790277777779,24.279854459230023,3 recovery (2023-07..2024-12)
2024-09-02,FTB M Oct-24,2024-10,29,88.5,68.49112903225806,29.21381389160358,3 recovery (2023-07..2024-12)
2024-09-03,FTB M Oct-24,2024-10,28,86.25,68.49112903225806,25.928716928257735,3 recovery (2023-07..2024-12)
2024-09-04,FTB M Oct-24,2024-10,27,82.0,68.49112903225806,19.723533775271118,3 recovery (2023-07..2024-12)
2024-09-05,FTB M Oct-24,2024-10,26,78.15,68.49112903225806,14.102367860212661,3 recovery (2023-07..2024-12)
2024-09-06,FTB M Oct-24,2024-10,25,78.0,68.49112903225806,13.883361395989603,3 recovery (2023-07..2024-12)
2024-09-09,FTB M Oct-24,2024-10,22,79.7,68.49112903225806,16.365434657184252,3 recovery (2023-07..2024-12)
2024-09-10,FTB M Oct-24,2024-10,21,80.95,68.49112903225806,18.190488525709725,3 recovery (2023-07..2024-12)
2024-09-11,FTB M Oct-24,2024-10,20,78.45,68.49112903225806,14.54038078865878,3 recovery (2023-07..2024-12)
2024-09-12,FTB M Oct-24,2024-10,19,78.27,68.49112903225806,14.277573031591096,3 recovery (2023-07..2024-12)
2024-09-13,FTB M Oct-24,2024-10,18,75.5,68.49112903225806,10.233253658938658,3 recovery (2023-07..2024-12)
2024-09-16,FTB M Oct-24,2024-10,15,74.0,68.49112903225806,8.043189016708086,3 recovery (2023-07..2024-12)
2024-09-17,FTB M Oct-24,2024-10,14,69.23,68.49112903225806,1.0787834544148778,3 recovery (2023-07..2024-12)
2024-09-18,FTB M Oct-24,2024-10,13,72.0,68.49112903225806,5.123102827067316,3 recovery (2023-07..2024-12)
2024-09-19,FTB M Oct-24,2024-10,12,71.0,68.49112903225806,3.6630597322469427,3 recovery (2023-07..2024-12)
2024-09-20,FTB M Oct-24,2024-10,11,69.0,68.49112903225806,0.7429735426061956,3 recovery (2023-07..2024-12)
2024-09-23,FTB M Oct-24,2024-10,8,72.75,68.49112903225806,6.218135148182613,3 recovery (2023-07..2024-12)
2024-09-24,FTB M Oct-24,2024-10,7,72.3,68.49112903225806,5.561115755513435,3 recovery (2023-07..2024-12)
2024-09-25,FTB M Oct-24,2024-10,6,72.75,68.49112903225806,6.218135148182613,3 recovery (2023-07..2024-12)
2024-09-26,FTB M Oct-24,2024-10,5,74.5,68.49112903225806,8.773210564118283,3 recovery (2023-07..2024-12)
2024-09-27,FTB M Oct-24,2024-10,4,74.0,68.49112903225806,8.043189016708086,3 recovery (2023-07..2024-12)
2024-09-30,FTB M Oct-24,2024-10,1,73.5,68.49112903225806,7.313167469297888,3 recovery (2023-07..2024-12)
2024-10-01,FTB M Nov-24,2024-11,31,74.85,104.48083333333334,-28.360066040820897,3 recovery (2023-07..2024-12)
2024-10-02,FTB M Nov-24,2024-11,30,74.25,104.48083333333334,-28.9343340485097,3 recovery (2023-07..2024-12)
2024-10-03,FTB M Nov-24,2024-11,29,72.9,104.48083333333334,-30.22643706580952,3 recovery (2023-07..2024-12)
2024-10-04,FTB M Nov-24,2024-11,28,72.4,104.48083333333334,-30.704993738883523,3 recovery (2023-07..2024-12)
2024-10-07,FTB M Nov-24,2024-11,25,73.5,104.48083333333334,-29.652169058120712,3 recovery (2023-07..2024-12)
2024-10-08,FTB M Nov-24,2024-11,24,73.55,104.48083333333334,-29.60431339081331,3 recovery (2023-07..2024-12)
2024-10-09,FTB M Nov-24,2024-11,23,71.7,104.48083333333334,-31.37497308118714,3 recovery (2023-07..2024-12)
2024-10-10,FTB M Nov-24,2024-11,22,73.5,104.48083333333334,-29.652169058120712,3 recovery (2023-07..2024-12)
2024-10-11,FTB M Nov-24,2024-11,21,74.9,104.48083333333334,-28.31221037351348,3 recovery (2023-07..2024-12)
2024-10-14,FTB M Nov-24,2024-11,18,75.55,104.48083333333334,-27.69008669851728,3 recovery (2023-07..2024-12)
2024-10-15,FTB M Nov-24,2024-11,17,77.2,104.48083333333334,-26.11084967737304,3 recovery (2023-07..2024-12)
2024-10-16,FTB M Nov-24,2024-11,16,76.75,104.48083333333334,-26.541550683139658,3 recovery (2023-07..2024-12)
2024-10-17,FTB M Nov-24,2024-11,15,74.25,104.48083333333334,-28.9343340485097,3 recovery (2023-07..2024-12)
2024-10-18,FTB M Nov-24,2024-11,14,75.5,104.48083333333334,-27.737942365824676,3 recovery (2023-07..2024-12)
2024-10-21,FTB M Nov-24,2024-11,11,74.45,104.48083333333334,-28.742911379280088,3 recovery (2023-07..2024-12)
2024-10-22,FTB M Nov-24,2024-11,10,75.3,104.48083333333334,-27.929365035054275,3 recovery (2023-07..2024-12)
2024-10-23,FTB M Nov-24,2024-11,9,75.1,104.48083333333334,-28.120787704283888,3 recovery (2023-07..2024-12)
2024-10-24,FTB M Nov-24,2024-11,8,75.85,104.48083333333334,-27.402952694672877,3 recovery (2023-07..2024-12)
2024-10-25,FTB M Nov-24,2024-11,7,75.5,104.48083333333334,-27.737942365824676,3 recovery (2023-07..2024-12)
2024-10-28,FTB M Nov-24,2024-11,4,74.9,104.48083333333334,-28.31221037351348,3 recovery (2023-07..2024-12)
2024-10-29,FTB M Nov-24,2024-11,3,74.75,104.48083333333334,-28.455777375435687,3 recovery (2023-07..2024-12)
2024-10-30,FTB M Nov-24,2024-11,2,81.65,104.48083333333334,-21.851695287014362,3 recovery (2023-07..2024-12)
2024-10-31,FTB M Nov-24,2024-11,1,81.95,104.48083333333334,-21.564561283169958,3 recovery (2023-07..2024-12)
2024-11-01,FTB M Dec-24,2024-12,30,78.25,111.25002090800479,-29.662934567260237,3 recovery (2023-07..2024-12)
2024-11-04,FTB M Dec-24,2024-12,27,78.0,111.25002090800479,-29.88765362615077,3 recovery (2023-07..2024-12)
2024-11-05,FTB M Dec-24,2024-12,26,82.45,111.25002090800479,-25.887654377899118,3 recovery (2023-07..2024-12)
2024-11-06,FTB M Dec-24,2024-12,25,82.36,111.25002090800479,-25.968553239099712,3 recovery (2023-07..2024-12)
2024-11-07,FTB M Dec-24,2024-12,24,81.7,111.25002090800479,-26.561811554570745,3 recovery (2023-07..2024-12)
2024-11-08,FTB M Dec-24,2024-12,23,85.0,111.25002090800479,-23.595519977215584,3 recovery (2023-07..2024-12)
2024-11-11,FTB M Dec-24,2024-12,20,86.0,111.25002090800479,-22.69664374165342,3 recovery (2023-07..2024-12)
2024-11-12,FTB M Dec-24,2024-12,19,85.5,111.25002090800479,-23.146081859434496,3 recovery (2023-07..2024-12)
2024-11-13,FTB M Dec-24,2024-12,18,83.8,111.25002090800479,-24.674171459890193,3 recovery (2023-07..2024-12)
2024-11-14,FTB M Dec-24,2024-12,17,82.65,111.25002090800479,-25.707879130786683,3 recovery (2023-07..2024-12)
2024-11-15,FTB M Dec-24,2024-12,16,88.5,111.25002090800479,-20.44945315274799,3 recovery (2023-07..2024-12)
2024-11-18,FTB M Dec-24,2024-12,13,88.5,111.25002090800479,-20.44945315274799,3 recovery (2023-07..2024-12)
2024-11-19,FTB M Dec-24,2024-12,12,96.5,111.25002090800479,-13.25844326825063,3 recovery (2023-07..2024-12)
2024-11-20,FTB M Dec-24,2024-12,11,97.05,111.25002090800479,-12.764061338691446,3 recovery (2023-07..2024-12)
2024-11-21,FTB M Dec-24,2024-12,10,98.75,111.25002090800479,-11.235971738235751,3 recovery (2023-07..2024-12)
2024-11-22,FTB M Dec-24,2024-12,9,100.25,111.25002090800479,-9.887657384892501,3 recovery (2023-07..2024-12)
2024-11-25,FTB M Dec-24,2024-12,6,96.0,111.25002090800479,-13.707881386031717,3 recovery (2023-07..2024-12)
2024-11-26,FTB M Dec-24,2024-12,5,99.5,111.25002090800479,-10.56181456156413,3 recovery (2023-07..2024-12)
2024-11-27,FTB M Dec-24,2024-12,4,99.0,111.25002090800479,-11.011252679345207,3 recovery (2023-07..2024-12)
2024-11-28,FTB M Dec-24,2024-12,3,98.0,111.25002090800479,-11.91012891490738,3 recovery (2023-07..2024-12)
2024-11-29,FTB M Dec-24,2024-12,2,97.5,111.25002090800479,-12.359567032688467,3 recovery (2023-07..2024-12)
